dist_code,month,fuel_type_petrol,fuel_type_diesel,fuel_type_electric,fuel_type_others,vehicleClass_MotorCycle,vehicleClass_MotorCar,vehicleClass_AutoRickshaw,vehicleClass_Agriculture,vehicleClass_others,seatCapacity_1_to_3,seatCapacity_4_to_6,seatCapacity_above_6,Brand_new_vehicles,Pre-owned_vehicles,category_Non-Transport,category_Transport
D01,2019-04-01,1906,953,190,50,300,150,40,20,10,100,80,20,400,100,450,50
D01,2019-05-01,1906,953,190,50,300,150,40,20,10,100,80,20,400,100,450,50
D01,2019-06-01,1906,953,190,50,300,150,40,20,10,100,80,20,400,100,450,50
D01,2019-07-01,1906,953,190,50,300,150,40,20,10,100,80,20,400,100,450,50
D01,2019-08-01,1906,953,190,50,300,150,40,20,10,100,80,20,400,100,450,50
D01,2019-09-01,1906,953,190,50,300,150,40,20,10,100,80,20,400,100,450,50
D01,2019-10-01,1906,953,190,50,300,150,40,20,10,100,80,20,400,100,450,50
D01,2019-11-01,1906,953,190,50,300,150,40,20,10,100,80,20,400,100,450,50
D01,2019-12-01,1906,953,190,50,300,150,40,20,10,100,80,20,400,100,450,50
D01,2020-01-01,1906,953,190,50,300,150,40,20,10,100,80,20,400,100,450,50
D01,2020-02-01,1906,953,190,50,300,150,40,20,10,100,80,20,400,100,450,50
D01,2020-03-01,1906,953,190,50,300,150,40,20,10,100,80,20,400,100,450,50
D01,2020-04-01,1906,953,190,50,300,150,40,20,10,100,80,20,400,100,450,50
D01,2020-05-01,1906,953,190,50,300,150,40,20,10,100,80,20,400,100,450,50
D01,2020-06-01,1906,953,190,50,300,150,40,20,10,100,80,20,400,100,450,50
D01,2020-07-01,1906,953,190,50,300,150,40,20,10,100,80,20,400,100,450,50
D01,2020-08-01,1906,953,190,50,300,150,40,20,10,100,80,20,400,100,450,50
D01,2020-09-01,1906,953,190,50,300,150,40,20,10,100,80,20,400,100,450,50
D01,2020-10-01,1906,953,190,50,300,150,40,20,10,100,80,20,400,100,450,50
D01,2020-11-01,1906,953,190,50,300,150,40,20,10,100,80,20,400,100,450,50
D01,2020-12-01,1906,953,190,50,300,150,40,20,10,100,80,20,400,100,450,50
D01,2021-01-01,1906,953,190,50,300,150,40,20,10,100,80,20,400,100,450,50
D01,2021-02-01,1906,953,190,50,300,150,40,20,10,100,80,20,400,100,450,50
D01,2021-03-01,1906,953,190,50,300,150,40,20,10,100,80,20,400,100,450,50
D01,2021-04-01,1906,953,190,50,300,150,40,20,10,100,80,20,400,100,450,50
D01,2021-05-01,1906,953,190,50,300,150,40,20,10,100,80,20,400,100,450,50
D01,2021-06-01,1906,953,190,50,300,150,40,20,10,100,80,20,400,100,450,50
D01,2021-07-01,1906,953,190,50,300,150,40,20,10,100,80,20,400,100,450,50
D01,2021-08-01,1906,953,190,50,300,150,40,20,10,100,80,20,400,100,450,50
D01,2021-09-01,1906,953,190,50,300,150,40,20,10,100,80,20,400,100,450,50
D01,2021-10-01,1906,953,190,50,300,150,40,20,10,100,80,20,400,100,450,50
D01,2021-11-01,1906,953,190,50,300,150,40,20,10,100,80,20,400,100,450,50
D01,2021-12-01,1906,953,190,50,300,150,40,20,10,100,80,20,400,100,450,50
D01,2022-01-01,1906,953,190,50,300,150,40,20,10,100,80,20,400,100,450,50
D01,2022-02-01,1906,953,190,50,300,150,40,20,10,100,80,20,400,100,450,50
D01,2022-03-01,1906,953,190,50,300,150,40,20,10,100,80,20,400,100,450,50
D01,2022-04-01,1906,953,190,50,300,150,40,20,10,100,80,20,400,100,450,50
D01,2022-05-01,1906,953,190,50,300,150,40,20,10,100,80,20,400,100,450,50
D01,2022-06-01,1906,953,190,50,300,150,40,20,10,100,80,20,400,100,450,50
D01,2022-07-01,1906,953,190,50,300,150,40,20,10,100,80,20,400,100,450,50
D01,2022-08-01,1906,953,190,50,300,150,40,20,10,100,80,20,400,100,450,50
D01,2022-09-01,1906,953,190,50,300,150,40,20,10,100,80,20,400,100,450,50
D01,2022-10-01,1906,953,190,50,300,150,40,20,10,100,80,20,400,100,450,50
D01,2022-11-01,1906,953,190,50,300,150,40,20,10,100,80,20,400,100,450,50
D01,2022-12-01,1906,953,190,50,300,150,40,20,10,100,80,20,400,100,450,50
D01,2023-01-01,1906,953,190,50,300,150,40,20,10,100,80,20,400,100,450,50
D01,2023-02-01,1906,953,190,50,300,150,40,20,10,100,80,20,400,100,450,50
D01,2023-03-01,1906,953,190,50,300,150,40,20,10,100,80,20,400,100,450,50
D02,2019-04-01,1977,988,197,50,300,150,40,20,10,100,80,20,400,100,450,50
D02,2019-05-01,1977,988,197,50,300,150,40,20,10,100,80,20,400,100,450,50
D02,2019-06-01,1977,988,197,50,300,150,40,20,10,100,80,20,400,100,450,50
D02,2019-07-01,1977,988,197,50,300,150,40,20,10,100,80,20,400,100,450,50
D02,2019-08-01,1977,988,197,50,300,150,40,20,10,100,80,20,400,100,450,50
D02,2019-09-01,1977,988,197,50,300,150,40,20,10,100,80,20,400,100,450,50
D02,2019-10-01,1977,988,197,50,300,150,40,20,10,100,80,20,400,100,450,50
D02,2019-11-01,1977,988,197,50,300,150,40,20,10,100,80,20,400,100,450,50
D02,2019-12-01,1977,988,197,50,300,150,40,20,10,100,80,20,400,100,450,50
D02,2020-01-01,1977,988,197,50,300,150,40,20,10,100,80,20,400,100,450,50
D02,2020-02-01,1977,988,197,50,300,150,40,20,10,100,80,20,400,100,450,50
D02,2020-03-01,1977,988,197,50,300,150,40,20,10,100,80,20,400,100,450,50
D02,2020-04-01,1977,988,197,50,300,150,40,20,10,100,80,20,400,100,450,50
D02,2020-05-01,1977,988,197,50,300,150,40,20,10,100,80,20,400,100,450,50
D02,2020-06-01,1977,988,197,50,300,150,40,20,10,100,80,20,400,100,450,50
D02,2020-07-01,1977,988,197,50,300,150,40,20,10,100,80,20,400,100,450,50
D02,2020-08-01,1977,988,197,50,300,150,40,20,10,100,80,20,400,100,450,50
D02,2020-09-01,1977,988,197,50,300,150,40,20,10,100,80,20,400,100,450,50
D02,2020-10-01,1977,988,197,50,300,150,40,20,10,100,80,20,400,100,450,50
D02,2020-11-01,1977,988,197,50,300,150,40,20,10,100,80,20,400,100,450,50
D02,2020-12-01,1977,988,197,50,300,150,40,20,10,100,80,20,400,100,450,50
D02,2021-01-01,1977,988,197,50,300,150,40,20,10,100,80,20,400,100,450,50
D02,2021-02-01,1977,988,197,50,300,150,40,20,10,100,80,20,400,100,450,50
D02,2021-03-01,1977,988,197,50,300,150,40,20,10,100,80,20,400,100,450,50
D02,2021-04-01,1977,988,197,50,300,150,40,20,10,100,80,20,400,100,450,50
D02,2021-05-01,1977,988,197,50,300,150,40,20,10,100,80,20,400,100,450,50
D02,2021-06-01,1977,988,197,50,300,150,40,20,10,100,80,20,400,100,450,50
D02,2021-07-01,1977,988,197,50,300,150,40,20,10,100,80,20,400,100,450,50
D02,2021-08-01,1977,988,197,50,300,150,40,20,10,100,80,20,400,100,450,50
D02,2021-09-01,1977,988,197,50,300,150,40,20,10,100,80,20,400,100,450,50
D02,2021-10-01,1977,988,197,50,300,150,40,20,10,100,80,20,400,100,450,50
D02,2021-11-01,1977,988,197,50,300,150,40,20,10,100,80,20,400,100,450,50
D02,2021-12-01,1977,988,197,50,300,150,40,20,10,100,80,20,400,100,450,50
D02,2022-01-01,1977,988,197,50,300,150,40,20,10,100,80,20,400,100,450,50
D02,2022-02-01,1977,988,197,50,300,150,40,20,10,100,80,20,400,100,450,50
D02,2022-03-01,1977,988,197,50,300,150,40,20,10,100,80,20,400,100,450,50
D02,2022-04-01,1977,988,197,50,300,150,40,20,10,100,80,20,400,100,450,50
D02,2022-05-01,1977,988,197,50,300,150,40,20,10,100,80,20,400,100,450,50
D02,2022-06-01,1977,988,197,50,300,150,40,20,10,100,80,20,400,100,450,50
D02,2022-07-01,1977,988,197,50,300,150,40,20,10,100,80,20,400,100,450,50
D02,2022-08-01,1977,988,197,50,300,150,40,20,10,100,80,20,400,100,450,50
D02,2022-09-01,1977,988,197,50,300,150,40,20,10,100,80,20,400,100,450,50
D02,2022-10-01,1977,988,197,50,300,150,40,20,10,100,80,20,400,100,450,50
D02,2022-11-01,1977,988,197,50,300,150,40,20,10,100,80,20,400,100,450,50
D02,2022-12-01,1977,988,197,50,300,150,40,20,10,100,80,20,400,100,450,50
D02,2023-01-01,1977,988,197,50,300,150,40,20,10,100,80,20,400,100,450,50
D02,2023-02-01,1977,988,197,50,300,150,40,20,10,100,80,20,400,100,450,50
D02,2023-03-01,1977,988,197,50,300,150,40,20,10,100,80,20,400,100,450,50
D03,2019-04-01,1683,841,168,50,300,150,40,20,10,100,80,20,400,100,450,50
D03,2019-05-01,1683,841,168,50,300,150,40,20,10,100,80,20,400,100,450,50
D03,2019-06-01,1683,841,168,50,300,150,40,20,10,100,80,20,400,100,450,50
D03,2019-07-01,1683,841,168,50,300,150,40,20,10,100,80,20,400,100,450,50
D03,2019-08-01,1683,841,168,50,300,150,40,20,10,100,80,20,400,100,450,50
D03,2019-09-01,1683,841,168,50,300,150,40,20,10,100,80,20,400,100,450,50
D03,2019-10-01,1683,841,168,50,300,150,40,20,10,100,80,20,400,100,450,50
D03,2019-11-01,1683,841,168,50,300,150,40,20,10,100,80,20,400,100,450,50
D03,2019-12-01,1683,841,168,50,300,150,40,20,10,100,80,20,400,100,450,50
D03,2020-01-01,1683,841,168,50,300,150,40,20,10,100,80,20,400,100,450,50
D03,2020-02-01,1683,841,168,50,300,150,40,20,10,100,80,20,400,100,450,50
D03,2020-03-01,1683,841,168,50,300,150,40,20,10,100,80,20,400,100,450,50
D03,2020-04-01,1683,841,168,50,300,150,40,20,10,100,80,20,400,100,450,50
D03,2020-05-01,1683,841,168,50,300,150,40,20,10,100,80,20,400,100,450,50
D03,2020-06-01,1683,841,168,50,300,150,40,20,10,100,80,20,400,100,450,50
D03,2020-07-01,1683,841,168,50,300,150,40,20,10,100,80,20,400,100,450,50
D03,2020-08-01,1683,841,168,50,300,150,40,20,10,100,80,20,400,100,450,50
D03,2020-09-01,1683,841,168,50,300,150,40,20,10,100,80,20,400,100,450,50
D03,2020-10-01,1683,841,168,50,300,150,40,20,10,100,80,20,400,100,450,50
D03,2020-11-01,1683,841,168,50,300,150,40,20,10,100,80,20,400,100,450,50
D03,2020-12-01,1683,841,168,50,300,150,40,20,10,100,80,20,400,100,450,50
D03,2021-01-01,1683,841,168,50,300,150,40,20,10,100,80,20,400,100,450,50
D03,2021-02-01,1683,841,168,50,300,150,40,20,10,100,80,20,400,100,450,50
D03,2021-03-01,1683,841,168,50,300,150,40,20,10,100,80,20,400,100,450,50
D03,2021-04-01,1683,841,168,50,300,150,40,20,10,100,80,20,400,100,450,50
D03,2021-05-01,1683,841,168,50,300,150,40,20,10,100,80,20,400,100,450,50
D03,2021-06-01,1683,841,168,50,300,150,40,20,10,100,80,20,400,100,450,50
D03,2021-07-01,1683,841,168,50,300,150,40,20,10,100,80,20,400,100,450,50
D03,2021-08-01,1683,841,168,50,300,150,40,20,10,100,80,20,400,100,450,50
D03,2021-09-01,1683,841,168,50,300,150,40,20,10,100,80,20,400,100,450,50
D03,2021-10-01,1683,841,168,50,300,150,40,20,10,100,80,20,400,100,450,50
D03,2021-11-01,1683,841,168,50,300,150,40,20,10,100,80,20,400,100,450,50
D03,2021-12-01,1683,841,168,50,300,150,40,20,10,100,80,20,400,100,450,50
D03,2022-01-01,1683,841,168,50,300,150,40,20,10,100,80,20,400,100,450,50
D03,2022-02-01,1683,841,168,50,300,150,40,20,10,100,80,20,400,100,450,50
D03,2022-03-01,1683,841,168,50,300,150,40,20,10,100,80,20,400,100,450,50
D03,2022-04-01,1683,841,168,50,300,150,40,20,10,100,80,20,400,100,450,50
D03,2022-05-01,1683,841,168,50,300,150,40,20,10,100,80,20,400,100,450,50
D03,2022-06-01,1683,841,168,50,300,150,40,20,10,100,80,20,400,100,450,50
D03,2022-07-01,1683,841,168,50,300,150,40,20,10,100,80,20,400,100,450,50
D03,2022-08-01,1683,841,168,50,300,150,40,20,10,100,80,20,400,100,450,50
D03,2022-09-01,1683,841,168,50,300,150,40,20,10,100,80,20,400,100,450,50
D03,2022-10-01,1683,841,168,50,300,150,40,20,10,100,80,20,400,100,450,50
D03,2022-11-01,1683,841,168,50,300,150,40,20,10,100,80,20,400,100,450,50
D03,2022-12-01,1683,841,168,50,300,150,40,20,10,100,80,20,400,100,450,50
D03,2023-01-01,1683,841,168,50,300,150,40,20,10,100,80,20,400,100,450,50
D03,2023-02-01,1683,841,168,50,300,150,40,20,10,100,80,20,400,100,450,50
D03,2023-03-01,1683,841,168,50,300,150,40,20,10,100,80,20,400,100,450,50
D04,2019-04-01,1729,864,172,50,300,150,40,20,10,100,80,20,400,100,450,50
D04,2019-05-01,1729,864,172,50,300,150,40,20,10,100,80,20,400,100,450,50
D04,2019-06-01,1729,864,172,50,300,150,40,20,10,100,80,20,400,100,450,50
D04,2019-07-01,1729,864,172,50,300,150,40,20,10,100,80,20,400,100,450,50
D04,2019-08-01,1729,864,172,50,300,150,40,20,10,100,80,20,400,100,450,50
D04,2019-09-01,1729,864,172,50,300,150,40,20,10,100,80,20,400,100,450,50
D04,2019-10-01,1729,864,172,50,300,150,40,20,10,100,80,20,400,100,450,50
D04,2019-11-01,1729,864,172,50,300,150,40,20,10,100,80,20,400,100,450,50
D04,2019-12-01,1729,864,172,50,300,150,40,20,10,100,80,20,400,100,450,50
D04,2020-01-01,1729,864,172,50,300,150,40,20,10,100,80,20,400,100,450,50
D04,2020-02-01,1729,864,172,50,300,150,40,20,10,100,80,20,400,100,450,50
D04,2020-03-01,1729,864,172,50,300,150,40,20,10,100,80,20,400,100,450,50
D04,2020-04-01,1729,864,172,50,300,150,40,20,10,100,80,20,400,100,450,50
D04,2020-05-01,1729,864,172,50,300,150,40,20,10,100,80,20,400,100,450,50
D04,2020-06-01,1729,864,172,50,300,150,40,20,10,100,80,20,400,100,450,50
D04,2020-07-01,1729,864,172,50,300,150,40,20,10,100,80,20,400,100,450,50
D04,2020-08-01,1729,864,172,50,300,150,40,20,10,100,80,20,400,100,450,50
D04,2020-09-01,1729,864,172,50,300,150,40,20,10,100,80,20,400,100,450,50
D04,2020-10-01,1729,864,172,50,300,150,40,20,10,100,80,20,400,100,450,50
D04,2020-11-01,1729,864,172,50,300,150,40,20,10,100,80,20,400,100,450,50
D04,2020-12-01,1729,864,172,50,300,150,40,20,10,100,80,20,400,100,450,50
D04,2021-01-01,1729,864,172,50,300,150,40,20,10,100,80,20,400,100,450,50
D04,2021-02-01,1729,864,172,50,300,150,40,20,10,100,80,20,400,100,450,50
D04,2021-03-01,1729,864,172,50,300,150,40,20,10,100,80,20,400,100,450,50
D04,2021-04-01,1729,864,172,50,300,150,40,20,10,100,80,20,400,100,450,50
D04,2021-05-01,1729,864,172,50,300,150,40,20,10,100,80,20,400,100,450,50
D04,2021-06-01,1729,864,172,50,300,150,40,20,10,100,80,20,400,100,450,50
D04,2021-07-01,1729,864,172,50,300,150,40,20,10,100,80,20,400,100,450,50
D04,2021-08-01,1729,864,172,50,300,150,40,20,10,100,80,20,400,100,450,50
D04,2021-09-01,1729,864,172,50,300,150,40,20,10,100,80,20,400,100,450,50
D04,2021-10-01,1729,864,172,50,300,150,40,20,10,100,80,20,400,100,450,50
D04,2021-11-01,1729,864,172,50,300,150,40,20,10,100,80,20,400,100,450,50
D04,2021-12-01,1729,864,172,50,300,150,40,20,10,100,80,20,400,100,450,50
D04,2022-01-01,1729,864,172,50,300,150,40,20,10,100,80,20,400,100,450,50
D04,2022-02-01,1729,864,172,50,300,150,40,20,10,100,80,20,400,100,450,50
D04,2022-03-01,1729,864,172,50,300,150,40,20,10,100,80,20,400,100,450,50
D04,2022-04-01,1729,864,172,50,300,150,40,20,10,100,80,20,400,100,450,50
D04,2022-05-01,1729,864,172,50,300,150,40,20,10,100,80,20,400,100,450,50
D04,2022-06-01,1729,864,172,50,300,150,40,20,10,100,80,20,400,100,450,50
D04,2022-07-01,1729,864,172,50,300,150,40,20,10,100,80,20,400,100,450,50
D04,2022-08-01,1729,864,172,50,300,150,40,20,10,100,80,20,400,100,450,50
D04,2022-09-01,1729,864,172,50,300,150,40,20,10,100,80,20,400,100,450,50
D04,2022-10-01,1729,864,172,50,300,150,40,20,10,100,80,20,400,100,450,50
D04,2022-11-01,1729,864,172,50,300,150,40,20,10,100,80,20,400,100,450,50
D04,2022-12-01,1729,864,172,50,300,150,40,20,10,100,80,20,400,100,450,50
D04,2023-01-01,1729,864,172,50,300,150,40,20,10,100,80,20,400,100,450,50
D04,2023-02-01,1729,864,172,50,300,150,40,20,10,100,80,20,400,100,450,50
D04,2023-03-01,1729,864,172,50,300,150,40,20,10,100,80,20,400,100,450,50
D05,2019-04-01,1371,685,137,50,300,150,40,20,10,100,80,20,400,100,450,50
D05,2019-05-01,1371,685,137,50,300,150,40,20,10,100,80,20,400,100,450,50
D05,2019-06-01,1371,685,137,50,300,150,40,20,10,100,80,20,400,100,450,50
D05,2019-07-01,1371,685,137,50,300,150,40,20,10,100,80,20,400,100,450,50
D05,2019-08-01,1371,685,137,50,300,150,40,20,10,100,80,20,400,100,450,50
D05,2019-09-01,1371,685,137,50,300,150,40,20,10,100,80,20,400,100,450,50
D05,2019-10-01,1371,685,137,50,300,150,40,20,10,100,80,20,400,100,450,50
D05,2019-11-01,1371,685,137,50,300,150,40,20,10,100,80,20,400,100,450,50
D05,2019-12-01,1371,685,137,50,300,150,40,20,10,100,80,20,400,100,450,50
D05,2020-01-01,1371,685,137,50,300,150,40,20,10,100,80,20,400,100,450,50
D05,2020-02-01,1371,685,137,50,300,150,40,20,10,100,80,20,400,100,450,50
D05,2020-03-01,1371,685,137,50,300,150,40,20,10,100,80,20,400,100,450,50
D05,2020-04-01,1371,685,137,50,300,150,40,20,10,100,80,20,400,100,450,50
D05,2020-05-01,1371,685,137,50,300,150,40,20,10,100,80,20,400,100,450,50
D05,2020-06-01,1371,685,137,50,300,150,40,20,10,100,80,20,400,100,450,50
D05,2020-07-01,1371,685,137,50,300,150,40,20,10,100,80,20,400,100,450,50
D05,2020-08-01,1371,685,137,50,300,150,40,20,10,100,80,20,400,100,450,50
D05,2020-09-01,1371,685,137,50,300,150,40,20,10,100,80,20,400,100,450,50
D05,2020-10-01,1371,685,137,50,300,150,40,20,10,100,80,20,400,100,450,50
D05,2020-11-01,1371,685,137,50,300,150,40,20,10,100,80,20,400,100,450,50
D05,2020-12-01,1371,685,137,50,300,150,40,20,10,100,80,20,400,100,450,50
D05,2021-01-01,1371,685,137,50,300,150,40,20,10,100,80,20,400,100,450,50
D05,2021-02-01,1371,685,137,50,300,150,40,20,10,100,80,20,400,100,450,50
D05,2021-03-01,1371,685,137,50,300,150,40,20,10,100,80,20,400,100,450,50
D05,2021-04-01,1371,685,137,50,300,150,40,20,10,100,80,20,400,100,450,50
D05,2021-05-01,1371,685,137,50,300,150,40,20,10,100,80,20,400,100,450,50
D05,2021-06-01,1371,685,137,50,300,150,40,20,10,100,80,20,400,100,450,50
D05,2021-07-01,1371,685,137,50,300,150,40,20,10,100,80,20,400,100,450,50
D05,2021-08-01,1371,685,137,50,300,150,40,20,10,100,80,20,400,100,450,50
D05,2021-09-01,1371,685,137,50,300,150,40,20,10,100,80,20,400,100,450,50
D05,2021-10-01,1371,685,137,50,300,150,40,20,10,100,80,20,400,100,450,50
D05,2021-11-01,1371,685,137,50,300,150,40,20,10,100,80,20,400,100,450,50
D05,2021-12-01,1371,685,137,50,300,150,40,20,10,100,80,20,400,100,450,50
D05,2022-01-01,1371,685,137,50,300,150,40,20,10,100,80,20,400,100,450,50
D05,2022-02-01,1371,685,137,50,300,150,40,20,10,100,80,20,400,100,450,50
D05,2022-03-01,1371,685,137,50,300,150,40,20,10,100,80,20,400,100,450,50
D05,2022-04-01,1371,685,137,50,300,150,40,20,10,100,80,20,400,100,450,50
D05,2022-05-01,1371,685,137,50,300,150,40,20,10,100,80,20,400,100,450,50
D05,2022-06-01,1371,685,137,50,300,150,40,20,10,100,80,20,400,100,450,50
D05,2022-07-01,1371,685,137,50,300,150,40,20,10,100,80,20,400,100,450,50
D05,2022-08-01,1371,685,137,50,300,150,40,20,10,100,80,20,400,100,450,50
D05,2022-09-01,1371,685,137,50,300,150,40,20,10,100,80,20,400,100,450,50
D05,2022-10-01,1371,685,137,50,300,150,40,20,10,100,80,20,400,100,450,50
D05,2022-11-01,1371,685,137,50,300,150,40,20,10,100,80,20,400,100,450,50
D05,2022-12-01,1371,685,137,50,300,150,40,20,10,100,80,20,400,100,450,50
D05,2023-01-01,1371,685,137,50,300,150,40,20,10,100,80,20,400,100,450,50
D05,2023-02-01,1371,685,137,50,300,150,40,20,10,100,80,20,400,100,450,50
D05,2023-03-01,1371,685,137,50,300,150,40,20,10,100,80,20,400,100,450,50
D06,2019-04-01,645,322,64,50,300,150,40,20,10,100,80,20,400,100,450,50
D06,2019-05-01,645,322,64,50,300,150,40,20,10,100,80,20,400,100,450,50
D06,2019-06-01,645,322,64,50,300,150,40,20,10,100,80,20,400,100,450,50
D06,2019-07-01,645,322,64,50,300,150,40,20,10,100,80,20,400,100,450,50
D06,2019-08-01,645,322,64,50,300,150,40,20,10,100,80,20,400,100,450,50
D06,2019-09-01,645,322,64,50,300,150,40,20,10,100,80,20,400,100,450,50
D06,2019-10-01,645,322,64,50,300,150,40,20,10,100,80,20,400,100,450,50
D06,2019-11-01,645,322,64,50,300,150,40,20,10,100,80,20,400,100,450,50
D06,2019-12-01,645,322,64,50,300,150,40,20,10,100,80,20,400,100,450,50
D06,2020-01-01,645,322,64,50,300,150,40,20,10,100,80,20,400,100,450,50
D06,2020-02-01,645,322,64,50,300,150,40,20,10,100,80,20,400,100,450,50
D06,2020-03-01,645,322,64,50,300,150,40,20,10,100,80,20,400,100,450,50
D06,2020-04-01,645,322,64,50,300,150,40,20,10,100,80,20,400,100,450,50
D06,2020-05-01,645,322,64,50,300,150,40,20,10,100,80,20,400,100,450,50
D06,2020-06-01,645,322,64,50,300,150,40,20,10,100,80,20,400,100,450,50
D06,2020-07-01,645,322,64,50,300,150,40,20,10,100,80,20,400,100,450,50
D06,2020-08-01,645,322,64,50,300,150,40,20,10,100,80,20,400,100,450,50
D06,2020-09-01,645,322,64,50,300,150,40,20,10,100,80,20,400,100,450,50
D06,2020-10-01,645,322,64,50,300,150,40,20,10,100,80,20,400,100,450,50
D06,2020-11-01,645,322,64,50,300,150,40,20,10,100,80,20,400,100,450,50
D06,2020-12-01,645,322,64,50,300,150,40,20,10,100,80,20,400,100,450,50
D06,2021-01-01,645,322,64,50,300,150,40,20,10,100,80,20,400,100,450,50
D06,2021-02-01,645,322,64,50,300,150,40,20,10,100,80,20,400,100,450,50
D06,2021-03-01,645,322,64,50,300,150,40,20,10,100,80,20,400,100,450,50
D06,2021-04-01,645,322,64,50,300,150,40,20,10,100,80,20,400,100,450,50
D06,2021-05-01,645,322,64,50,300,150,40,20,10,100,80,20,400,100,450,50
D06,2021-06-01,645,322,64,50,300,150,40,20,10,100,80,20,400,100,450,50
D06,2021-07-01,645,322,64,50,300,150,40,20,10,100,80,20,400,100,450,50
D06,2021-08-01,645,322,64,50,300,150,40,20,10,100,80,20,400,100,450,50
D06,2021-09-01,645,322,64,50,300,150,40,20,10,100,80,20,400,100,450,50
D06,2021-10-01,645,322,64,50,300,150,40,20,10,100,80,20,400,100,450,50
D06,2021-11-01,645,322,64,50,300,150,40,20,10,100,80,20,400,100,450,50
D06,2021-12-01,645,322,64,50,300,150,40,20,10,100,80,20,400,100,450,50
D06,2022-01-01,645,322,64,50,300,150,40,20,10,100,80,20,400,100,450,50
D06,2022-02-01,645,322,64,50,300,150,40,20,10,100,80,20,400,100,450,50
D06,2022-03-01,645,322,64,50,300,150,40,20,10,100,80,20,400,100,450,50
D06,2022-04-01,645,322,64,50,300,150,40,20,10,100,80,20,400,100,450,50
D06,2022-05-01,645,322,64,50,300,150,40,20,10,100,80,20,400,100,450,50
D06,2022-06-01,645,322,64,50,300,150,40,20,10,100,80,20,400,100,450,50
D06,2022-07-01,645,322,64,50,300,150,40,20,10,100,80,20,400,100,450,50
D06,2022-08-01,645,322,64,50,300,150,40,20,10,100,80,20,400,100,450,50
D06,2022-09-01,645,322,64,50,300,150,40,20,10,100,80,20,400,100,450,50
D06,2022-10-01,645,322,64,50,300,150,40,20,10,100,80,20,400,100,450,50
D06,2022-11-01,645,322,64,50,300,150,40,20,10,100,80,20,400,100,450,50
D06,2022-12-01,645,322,64,50,300,150,40,20,10,100,80,20,400,100,450,50
D06,2023-01-01,645,322,64,50,300,150,40,20,10,100,80,20,400,100,450,50
D06,2023-02-01,645,322,64,50,300,150,40,20,10,100,80,20,400,100,450,50
D06,2023-03-01,645,322,64,50,300,150,40,20,10,100,80,20,400,100,450,50
D07,2019-04-01,1563,781,156,50,300,150,40,20,10,100,80,20,400,100,450,50
D07,2019-05-01,1563,781,156,50,300,150,40,20,10,100,80,20,400,100,450,50
D07,2019-06-01,1563,781,156,50,300,150,40,20,10,100,80,20,400,100,450,50
D07,2019-07-01,1563,781,156,50,300,150,40,20,10,100,80,20,400,100,450,50
D07,2019-08-01,1563,781,156,50,300,150,40,20,10,100,80,20,400,100,450,50
D07,2019-09-01,1563,781,156,50,300,150,40,20,10,100,80,20,400,100,450,50
D07,2019-10-01,1563,781,156,50,300,150,40,20,10,100,80,20,400,100,450,50
D07,2019-11-01,1563,781,156,50,300,150,40,20,10,100,80,20,400,100,450,50
D07,2019-12-01,1563,781,156,50,300,150,40,20,10,100,80,20,400,100,450,50
D07,2020-01-01,1563,781,156,50,300,150,40,20,10,100,80,20,400,100,450,50
D07,2020-02-01,1563,781,156,50,300,150,40,20,10,100,80,20,400,100,450,50
D07,2020-03-01,1563,781,156,50,300,150,40,20,10,100,80,20,400,100,450,50
D07,2020-04-01,1563,781,156,50,300,150,40,20,10,100,80,20,400,100,450,50
D07,2020-05-01,1563,781,156,50,300,150,40,20,10,100,80,20,400,100,450,50
D07,2020-06-01,1563,781,156,50,300,150,40,20,10,100,80,20,400,100,450,50
D07,2020-07-01,1563,781,156,50,300,150,40,20,10,100,80,20,400,100,450,50
D07,2020-08-01,1563,781,156,50,300,150,40,20,10,100,80,20,400,100,450,50
D07,2020-09-01,1563,781,156,50,300,150,40,20,10,100,80,20,400,100,450,50
D07,2020-10-01,1563,781,156,50,300,150,40,20,10,100,80,20,400,100,450,50
D07,2020-11-01,1563,781,156,50,300,150,40,20,10,100,80,20,400,100,450,50
D07,2020-12-01,1563,781,156,50,300,150,40,20,10,100,80,20,400,100,450,50
D07,2021-01-01,1563,781,156,50,300,150,40,20,10,100,80,20,400,100,450,50
D07,2021-02-01,1563,781,156,50,300,150,40,20,10,100,80,20,400,100,450,50
D07,2021-03-01,1563,781,156,50,300,150,40,20,10,100,80,20,400,100,450,50
D07,2021-04-01,1563,781,156,50,300,150,40,20,10,100,80,20,400,100,450,50
D07,2021-05-01,1563,781,156,50,300,150,40,20,10,100,80,20,400,100,450,50
D07,2021-06-01,1563,781,156,50,300,150,40,20,10,100,80,20,400,100,450,50
D07,2021-07-01,1563,781,156,50,300,150,40,20,10,100,80,20,400,100,450,50
D07,2021-08-01,1563,781,156,50,300,150,40,20,10,100,80,20,400,100,450,50
D07,2021-09-01,1563,781,156,50,300,150,40,20,10,100,80,20,400,100,450,50
D07,2021-10-01,1563,781,156,50,300,150,40,20,10,100,80,20,400,100,450,50
D07,2021-11-01,1563,781,156,50,300,150,40,20,10,100,80,20,400,100,450,50
D07,2021-12-01,1563,781,156,50,300,150,40,20,10,100,80,20,400,100,450,50
D07,2022-01-01,1563,781,156,50,300,150,40,20,10,100,80,20,400,100,450,50
D07,2022-02-01,1563,781,156,50,300,150,40,20,10,100,80,20,400,100,450,50
D07,2022-03-01,1563,781,156,50,300,150,40,20,10,100,80,20,400,100,450,50
D07,2022-04-01,1563,781,156,50,300,150,40,20,10,100,80,20,400,100,450,50
D07,2022-05-01,1563,781,156,50,300,150,40,20,10,100,80,20,400,100,450,50
D07,2022-06-01,1563,781,156,50,300,150,40,20,10,100,80,20,400,100,450,50
D07,2022-07-01,1563,781,156,50,300,150,40,20,10,100,80,20,400,100,450,50
D07,2022-08-01,1563,781,156,50,300,150,40,20,10,100,80,20,400,100,450,50
D07,2022-09-01,1563,781,156,50,300,150,40,20,10,100,80,20,400,100,450,50
D07,2022-10-01,1563,781,156,50,300,150,40,20,10,100,80,20,400,100,450,50
D07,2022-11-01,1563,781,156,50,300,150,40,20,10,100,80,20,400,100,450,50
D07,2022-12-01,1563,781,156,50,300,150,40,20,10,100,80,20,400,100,450,50
D07,2023-01-01,1563,781,156,50,300,150,40,20,10,100,80,20,400,100,450,50
D07,2023-02-01,1563,781,156,50,300,150,40,20,10,100,80,20,400,100,450,50
D07,2023-03-01,1563,781,156,50,300,150,40,20,10,100,80,20,400,100,450,50
D08,2019-04-01,1850,925,185,50,300,150,40,20,10,100,80,20,400,100,450,50
D08,2019-05-01,1850,925,185,50,300,150,40,20,10,100,80,20,400,100,450,50
D08,2019-06-01,1850,925,185,50,300,150,40,20,10,100,80,20,400,100,450,50
D08,2019-07-01,1850,925,185,50,300,150,40,20,10,100,80,20,400,100,450,50
D08,2019-08-01,1850,925,185,50,300,150,40,20,10,100,80,20,400,100,450,50
D08,2019-09-01,1850,925,185,50,300,150,40,20,10,100,80,20,400,100,450,50
D08,2019-10-01,1850,925,185,50,300,150,40,20,10,100,80,20,400,100,450,50
D08,2019-11-01,1850,925,185,50,300,150,40,20,10,100,80,20,400,100,450,50
D08,2019-12-01,1850,925,185,50,300,150,40,20,10,100,80,20,400,100,450,50
D08,2020-01-01,1850,925,185,50,300,150,40,20,10,100,80,20,400,100,450,50
D08,2020-02-01,1850,925,185,50,300,150,40,20,10,100,80,20,400,100,450,50
D08,2020-03-01,1850,925,185,50,300,150,40,20,10,100,80,20,400,100,450,50
D08,2020-04-01,1850,925,185,50,300,150,40,20,10,100,80,20,400,100,450,50
D08,2020-05-01,1850,925,185,50,300,150,40,20,10,100,80,20,400,100,450,50
D08,2020-06-01,1850,925,185,50,300,150,40,20,10,100,80,20,400,100,450,50
D08,2020-07-01,1850,925,185,50,300,150,40,20,10,100,80,20,400,100,450,50
D08,2020-08-01,1850,925,185,50,300,150,40,20,10,100,80,20,400,100,450,50
D08,2020-09-01,1850,925,185,50,300,150,40,20,10,100,80,20,400,100,450,50
D08,2020-10-01,1850,925,185,50,300,150,40,20,10,100,80,20,400,100,450,50
D08,2020-11-01,1850,925,185,50,300,150,40,20,10,100,80,20,400,100,450,50
D08,2020-12-01,1850,925,185,50,300,150,40,20,10,100,80,20,400,100,450,50
D08,2021-01-01,1850,925,185,50,300,150,40,20,10,100,80,20,400,100,450,50
D08,2021-02-01,1850,925,185,50,300,150,40,20,10,100,80,20,400,100,450,50
D08,2021-03-01,1850,925,185,50,300,150,40,20,10,100,80,20,400,100,450,50
D08,2021-04-01,1850,925,185,50,300,150,40,20,10,100,80,20,400,100,450,50
D08,2021-05-01,1850,925,185,50,300,150,40,20,10,100,80,20,400,100,450,50
D08,2021-06-01,1850,925,185,50,300,150,40,20,10,100,80,20,400,100,450,50
D08,2021-07-01,1850,925,185,50,300,150,40,20,10,100,80,20,400,100,450,50
D08,2021-08-01,1850,925,185,50,300,150,40,20,10,100,80,20,400,100,450,50
D08,2021-09-01,1850,925,185,50,300,150,40,20,10,100,80,20,400,100,450,50
D08,2021-10-01,1850,925,185,50,300,150,40,20,10,100,80,20,400,100,450,50
D08,2021-11-01,1850,925,185,50,300,150,40,20,10,100,80,20,400,100,450,50
D08,2021-12-01,1850,925,185,50,300,150,40,20,10,100,80,20,400,100,450,50
D08,2022-01-01,1850,925,185,50,300,150,40,20,10,100,80,20,400,100,450,50
D08,2022-02-01,1850,925,185,50,300,150,40,20,10,100,80,20,400,100,450,50
D08,2022-03-01,1850,925,185,50,300,150,40,20,10,100,80,20,400,100,450,50
D08,2022-04-01,1850,925,185,50,300,150,40,20,10,100,80,20,400,100,450,50
D08,2022-05-01,1850,925,185,50,300,150,40,20,10,100,80,20,400,100,450,50
D08,2022-06-01,1850,925,185,50,300,150,40,20,10,100,80,20,400,100,450,50
D08,2022-07-01,1850,925,185,50,300,150,40,20,10,100,80,20,400,100,450,50
D08,2022-08-01,1850,925,185,50,300,150,40,20,10,100,80,20,400,100,450,50
D08,2022-09-01,1850,925,185,50,300,150,40,20,10,100,80,20,400,100,450,50
D08,2022-10-01,1850,925,185,50,300,150,40,20,10,100,80,20,400,100,450,50
D08,2022-11-01,1850,925,185,50,300,150,40,20,10,100,80,20,400,100,450,50
D08,2022-12-01,1850,925,185,50,300,150,40,20,10,100,80,20,400,100,450,50
D08,2023-01-01,1850,925,185,50,300,150,40,20,10,100,80,20,400,100,450,50
D08,2023-02-01,1850,925,185,50,300,150,40,20,10,100,80,20,400,100,450,50
D08,2023-03-01,1850,925,185,50,300,150,40,20,10,100,80,20,400,100,450,50
D09,2019-04-01,660,330,66,50,300,150,40,20,10,100,80,20,400,100,450,50
D09,2019-05-01,660,330,66,50,300,150,40,20,10,100,80,20,400,100,450,50
D09,2019-06-01,660,330,66,50,300,150,40,20,10,100,80,20,400,100,450,50
D09,2019-07-01,660,330,66,50,300,150,40,20,10,100,80,20,400,100,450,50
D09,2019-08-01,660,330,66,50,300,150,40,20,10,100,80,20,400,100,450,50
D09,2019-09-01,660,330,66,50,300,150,40,20,10,100,80,20,400,100,450,50
D09,2019-10-01,660,330,66,50,300,150,40,20,10,100,80,20,400,100,450,50
D09,2019-11-01,660,330,66,50,300,150,40,20,10,100,80,20,400,100,450,50
D09,2019-12-01,660,330,66,50,300,150,40,20,10,100,80,20,400,100,450,50
D09,2020-01-01,660,330,66,50,300,150,40,20,10,100,80,20,400,100,450,50
D09,2020-02-01,660,330,66,50,300,150,40,20,10,100,80,20,400,100,450,50
D09,2020-03-01,660,330,66,50,300,150,40,20,10,100,80,20,400,100,450,50
D09,2020-04-01,660,330,66,50,300,150,40,20,10,100,80,20,400,100,450,50
D09,2020-05-01,660,330,66,50,300,150,40,20,10,100,80,20,400,100,450,50
D09,2020-06-01,660,330,66,50,300,150,40,20,10,100,80,20,400,100,450,50
D09,2020-07-01,660,330,66,50,300,150,40,20,10,100,80,20,400,100,450,50
D09,2020-08-01,660,330,66,50,300,150,40,20,10,100,80,20,400,100,450,50
D09,2020-09-01,660,330,66,50,300,150,40,20,10,100,80,20,400,100,450,50
D09,2020-10-01,660,330,66,50,300,150,40,20,10,100,80,20,400,100,450,50
D09,2020-11-01,660,330,66,50,300,150,40,20,10,100,80,20,400,100,450,50
D09,2020-12-01,660,330,66,50,300,150,40,20,10,100,80,20,400,100,450,50
D09,2021-01-01,660,330,66,50,300,150,40,20,10,100,80,20,400,100,450,50
D09,2021-02-01,660,330,66,50,300,150,40,20,10,100,80,20,400,100,450,50
D09,2021-03-01,660,330,66,50,300,150,40,20,10,100,80,20,400,100,450,50
D09,2021-04-01,660,330,66,50,300,150,40,20,10,100,80,20,400,100,450,50
D09,2021-05-01,660,330,66,50,300,150,40,20,10,100,80,20,400,100,450,50
D09,2021-06-01,660,330,66,50,300,150,40,20,10,100,80,20,400,100,450,50
D09,2021-07-01,660,330,66,50,300,150,40,20,10,100,80,20,400,100,450,50
D09,2021-08-01,660,330,66,50,300,150,40,20,10,100,80,20,400,100,450,50
D09,2021-09-01,660,330,66,50,300,150,40,20,10,100,80,20,400,100,450,50
D09,2021-10-01,660,330,66,50,300,150,40,20,10,100,80,20,400,100,450,50
D09,2021-11-01,660,330,66,50,300,150,40,20,10,100,80,20,400,100,450,50
D09,2021-12-01,660,330,66,50,300,150,40,20,10,100,80,20,400,100,450,50
D09,2022-01-01,660,330,66,50,300,150,40,20,10,100,80,20,400,100,450,50
D09,2022-02-01,660,330,66,50,300,150,40,20,10,100,80,20,400,100,450,50
D09,2022-03-01,660,330,66,50,300,150,40,20,10,100,80,20,400,100,450,50
D09,2022-04-01,660,330,66,50,300,150,40,20,10,100,80,20,400,100,450,50
D09,2022-05-01,660,330,66,50,300,150,40,20,10,100,80,20,400,100,450,50
D09,2022-06-01,660,330,66,50,300,150,40,20,10,100,80,20,400,100,450,50
D09,2022-07-01,660,330,66,50,300,150,40,20,10,100,80,20,400,100,450,50
D09,2022-08-01,660,330,66,50,300,150,40,20,10,100,80,20,400,100,450,50
D09,2022-09-01,660,330,66,50,300,150,40,20,10,100,80,20,400,100,450,50
D09,2022-10-01,660,330,66,50,300,150,40,20,10,100,80,20,400,100,450,50
D09,2022-11-01,660,330,66,50,300,150,40,20,10,100,80,20,400,100,450,50
D09,2022-12-01,660,330,66,50,300,150,40,20,10,100,80,20,400,100,450,50
D09,2023-01-01,660,330,66,50,300,150,40,20,10,100,80,20,400,100,450,50
D09,2023-02-01,660,330,66,50,300,150,40,20,10,100,80,20,400,100,450,50
D09,2023-03-01,660,330,66,50,300,150,40,20,10,100,80,20,400,100,450,50
D10,2019-04-01,1868,934,186,50,300,150,40,20,10,100,80,20,400,100,450,50
D10,2019-05-01,1868,934,186,50,300,150,40,20,10,100,80,20,400,100,450,50
D10,2019-06-01,1868,934,186,50,300,150,40,20,10,100,80,20,400,100,450,50
D10,2019-07-01,1868,934,186,50,300,150,40,20,10,100,80,20,400,100,450,50
D10,2019-08-01,1868,934,186,50,300,150,40,20,10,100,80,20,400,100,450,50
D10,2019-09-01,1868,934,186,50,300,150,40,20,10,100,80,20,400,100,450,50
D10,2019-10-01,1868,934,186,50,300,150,40,20,10,100,80,20,400,100,450,50
D10,2019-11-01,1868,934,186,50,300,150,40,20,10,100,80,20,400,100,450,50
D10,2019-12-01,1868,934,186,50,300,150,40,20,10,100,80,20,400,100,450,50
D10,2020-01-01,1868,934,186,50,300,150,40,20,10,100,80,20,400,100,450,50
D10,2020-02-01,1868,934,186,50,300,150,40,20,10,100,80,20,400,100,450,50
D10,2020-03-01,1868,934,186,50,300,150,40,20,10,100,80,20,400,100,450,50
D10,2020-04-01,1868,934,186,50,300,150,40,20,10,100,80,20,400,100,450,50
D10,2020-05-01,1868,934,186,50,300,150,40,20,10,100,80,20,400,100,450,50
D10,2020-06-01,1868,934,186,50,300,150,40,20,10,100,80,20,400,100,450,50
D10,2020-07-01,1868,934,186,50,300,150,40,20,10,100,80,20,400,100,450,50
D10,2020-08-01,1868,934,186,50,300,150,40,20,10,100,80,20,400,100,450,50
D10,2020-09-01,1868,934,186,50,300,150,40,20,10,100,80,20,400,100,450,50
D10,2020-10-01,1868,934,186,50,300,150,40,20,10,100,80,20,400,100,450,50
D10,2020-11-01,1868,934,186,50,300,150,40,20,10,100,80,20,400,100,450,50
D10,2020-12-01,1868,934,186,50,300,150,40,20,10,100,80,20,400,100,450,50
D10,2021-01-01,1868,934,186,50,300,150,40,20,10,100,80,20,400,100,450,50
D10,2021-02-01,1868,934,186,50,300,150,40,20,10,100,80,20,400,100,450,50
D10,2021-03-01,1868,934,186,50,300,150,40,20,10,100,80,20,400,100,450,50
D10,2021-04-01,1868,934,186,50,300,150,40,20,10,100,80,20,400,100,450,50
D10,2021-05-01,1868,934,186,50,300,150,40,20,10,100,80,20,400,100,450,50
D10,2021-06-01,1868,934,186,50,300,150,40,20,10,100,80,20,400,100,450,50
D10,2021-07-01,1868,934,186,50,300,150,40,20,10,100,80,20,400,100,450,50
D10,2021-08-01,1868,934,186,50,300,150,40,20,10,100,80,20,400,100,450,50
D10,2021-09-01,1868,934,186,50,300,150,40,20,10,100,80,20,400,100,450,50
D10,2021-10-01,1868,934,186,50,300,150,40,20,10,100,80,20,400,100,450,50
D10,2021-11-01,1868,934,186,50,300,150,40,20,10,100,80,20,400,100,450,50
D10,2021-12-01,1868,934,186,50,300,150,40,20,10,100,80,20,400,100,450,50
D10,2022-01-01,1868,934,186,50,300,150,40,20,10,100,80,20,400,100,450,50
D10,2022-02-01,1868,934,186,50,300,150,40,20,10,100,80,20,400,100,450,50
D10,2022-03-01,1868,934,186,50,300,150,40,20,10,100,80,20,400,100,450,50
D10,2022-04-01,1868,934,186,50,300,150,40,20,10,100,80,20,400,100,450,50
D10,2022-05-01,1868,934,186,50,300,150,40,20,10,100,80,20,400,100,450,50
D10,2022-06-01,1868,934,186,50,300,150,40,20,10,100,80,20,400,100,450,50
D10,2022-07-01,1868,934,186,50,300,150,40,20,10,100,80,20,400,100,450,50
D10,2022-08-01,1868,934,186,50,300,150,40,20,10,100,80,20,400,100,450,50
D10,2022-09-01,1868,934,186,50,300,150,40,20,10,100,80,20,400,100,450,50
D10,2022-10-01,1868,934,186,50,300,150,40,20,10,100,80,20,400,100,450,50
D10,2022-11-01,1868,934,186,50,300,150,40,20,10,100,80,20,400,100,450,50
D10,2022-12-01,1868,934,186,50,300,150,40,20,10,100,80,20,400,100,450,50
D10,2023-01-01,1868,934,186,50,300,150,40,20,10,100,80,20,400,100,450,50
D10,2023-02-01,1868,934,186,50,300,150,40,20,10,100,80,20,400,100,450,50
D10,2023-03-01,1868,934,186,50,300,150,40,20,10,100,80,20,400,100,450,50
D11,2019-04-01,1431,715,143,50,300,150,40,20,10,100,80,20,400,100,450,50
D11,2019-05-01,1431,715,143,50,300,150,40,20,10,100,80,20,400,100,450,50
D11,2019-06-01,1431,715,143,50,300,150,40,20,10,100,80,20,400,100,450,50
D11,2019-07-01,1431,715,143,50,300,150,40,20,10,100,80,20,400,100,450,50
D11,2019-08-01,1431,715,143,50,300,150,40,20,10,100,80,20,400,100,450,50
D11,2019-09-01,1431,715,143,50,300,150,40,20,10,100,80,20,400,100,450,50
D11,2019-10-01,1431,715,143,50,300,150,40,20,10,100,80,20,400,100,450,50
D11,2019-11-01,1431,715,143,50,300,150,40,20,10,100,80,20,400,100,450,50
D11,2019-12-01,1431,715,143,50,300,150,40,20,10,100,80,20,400,100,450,50
D11,2020-01-01,1431,715,143,50,300,150,40,20,10,100,80,20,400,100,450,50
D11,2020-02-01,1431,715,143,50,300,150,40,20,10,100,80,20,400,100,450,50
D11,2020-03-01,1431,715,143,50,300,150,40,20,10,100,80,20,400,100,450,50
D11,2020-04-01,1431,715,143,50,300,150,40,20,10,100,80,20,400,100,450,50
D11,2020-05-01,1431,715,143,50,300,150,40,20,10,100,80,20,400,100,450,50
D11,2020-06-01,1431,715,143,50,300,150,40,20,10,100,80,20,400,100,450,50
D11,2020-07-01,1431,715,143,50,300,150,40,20,10,100,80,20,400,100,450,50
D11,2020-08-01,1431,715,143,50,300,150,40,20,10,100,80,20,400,100,450,50
D11,2020-09-01,1431,715,143,50,300,150,40,20,10,100,80,20,400,100,450,50
D11,2020-10-01,1431,715,143,50,300,150,40,20,10,100,80,20,400,100,450,50
D11,2020-11-01,1431,715,143,50,300,150,40,20,10,100,80,20,400,100,450,50
D11,2020-12-01,1431,715,143,50,300,150,40,20,10,100,80,20,400,100,450,50
D11,2021-01-01,1431,715,143,50,300,150,40,20,10,100,80,20,400,100,450,50
D11,2021-02-01,1431,715,143,50,300,150,40,20,10,100,80,20,400,100,450,50
D11,2021-03-01,1431,715,143,50,300,150,40,20,10,100,80,20,400,100,450,50
D11,2021-04-01,1431,715,143,50,300,150,40,20,10,100,80,20,400,100,450,50
D11,2021-05-01,1431,715,143,50,300,150,40,20,10,100,80,20,400,100,450,50
D11,2021-06-01,1431,715,143,50,300,150,40,20,10,100,80,20,400,100,450,50
D11,2021-07-01,1431,715,143,50,300,150,40,20,10,100,80,20,400,100,450,50
D11,2021-08-01,1431,715,143,50,300,150,40,20,10,100,80,20,400,100,450,50
D11,2021-09-01,1431,715,143,50,300,150,40,20,10,100,80,20,400,100,450,50
D11,2021-10-01,1431,715,143,50,300,150,40,20,10,100,80,20,400,100,450,50
D11,2021-11-01,1431,715,143,50,300,150,40,20,10,100,80,20,400,100,450,50
D11,2021-12-01,1431,715,143,50,300,150,40,20,10,100,80,20,400,100,450,50
D11,2022-01-01,1431,715,143,50,300,150,40,20,10,100,80,20,400,100,450,50
D11,2022-02-01,1431,715,143,50,300,150,40,20,10,100,80,20,400,100,450,50
D11,2022-03-01,1431,715,143,50,300,150,40,20,10,100,80,20,400,100,450,50
D11,2022-04-01,1431,715,143,50,300,150,40,20,10,100,80,20,400,100,450,50
D11,2022-05-01,1431,715,143,50,300,150,40,20,10,100,80,20,400,100,450,50
D11,2022-06-01,1431,715,143,50,300,150,40,20,10,100,80,20,400,100,450,50
D11,2022-07-01,1431,715,143,50,300,150,40,20,10,100,80,20,400,100,450,50
D11,2022-08-01,1431,715,143,50,300,150,40,20,10,100,80,20,400,100,450,50
D11,2022-09-01,1431,715,143,50,300,150,40,20,10,100,80,20,400,100,450,50
D11,2022-10-01,1431,715,143,50,300,150,40,20,10,100,80,20,400,100,450,50
D11,2022-11-01,1431,715,143,50,300,150,40,20,10,100,80,20,400,100,450,50
D11,2022-12-01,1431,715,143,50,300,150,40,20,10,100,80,20,400,100,450,50
D11,2023-01-01,1431,715,143,50,300,150,40,20,10,100,80,20,400,100,450,50
D11,2023-02-01,1431,715,143,50,300,150,40,20,10,100,80,20,400,100,450,50
D11,2023-03-01,1431,715,143,50,300,150,40,20,10,100,80,20,400,100,450,50
D12,2019-04-01,1527,763,152,50,300,150,40,20,10,100,80,20,400,100,450,50
D12,2019-05-01,1527,763,152,50,300,150,40,20,10,100,80,20,400,100,450,50
D12,2019-06-01,1527,763,152,50,300,150,40,20,10,100,80,20,400,100,450,50
D12,2019-07-01,1527,763,152,50,300,150,40,20,10,100,80,20,400,100,450,50
D12,2019-08-01,1527,763,152,50,300,150,40,20,10,100,80,20,400,100,450,50
D12,2019-09-01,1527,763,152,50,300,150,40,20,10,100,80,20,400,100,450,50
D12,2019-10-01,1527,763,152,50,300,150,40,20,10,100,80,20,400,100,450,50
D12,2019-11-01,1527,763,152,50,300,150,40,20,10,100,80,20,400,100,450,50
D12,2019-12-01,1527,763,152,50,300,150,40,20,10,100,80,20,400,100,450,50
D12,2020-01-01,1527,763,152,50,300,150,40,20,10,100,80,20,400,100,450,50
D12,2020-02-01,1527,763,152,50,300,150,40,20,10,100,80,20,400,100,450,50
D12,2020-03-01,1527,763,152,50,300,150,40,20,10,100,80,20,400,100,450,50
D12,2020-04-01,1527,763,152,50,300,150,40,20,10,100,80,20,400,100,450,50
D12,2020-05-01,1527,763,152,50,300,150,40,20,10,100,80,20,400,100,450,50
D12,2020-06-01,1527,763,152,50,300,150,40,20,10,100,80,20,400,100,450,50
D12,2020-07-01,1527,763,152,50,300,150,40,20,10,100,80,20,400,100,450,50
D12,2020-08-01,1527,763,152,50,300,150,40,20,10,100,80,20,400,100,450,50
D12,2020-09-01,1527,763,152,50,300,150,40,20,10,100,80,20,400,100,450,50
D12,2020-10-01,1527,763,152,50,300,150,40,20,10,100,80,20,400,100,450,50
D12,2020-11-01,1527,763,152,50,300,150,40,20,10,100,80,20,400,100,450,50
D12,2020-12-01,1527,763,152,50,300,150,40,20,10,100,80,20,400,100,450,50
D12,2021-01-01,1527,763,152,50,300,150,40,20,10,100,80,20,400,100,450,50
D12,2021-02-01,1527,763,152,50,300,150,40,20,10,100,80,20,400,100,450,50
D12,2021-03-01,1527,763,152,50,300,150,40,20,10,100,80,20,400,100,450,50
D12,2021-04-01,1527,763,152,50,300,150,40,20,10,100,80,20,400,100,450,50
D12,2021-05-01,1527,763,152,50,300,150,40,20,10,100,80,20,400,100,450,50
D12,2021-06-01,1527,763,152,50,300,150,40,20,10,100,80,20,400,100,450,50
D12,2021-07-01,1527,763,152,50,300,150,40,20,10,100,80,20,400,100,450,50
D12,2021-08-01,1527,763,152,50,300,150,40,20,10,100,80,20,400,100,450,50
D12,2021-09-01,1527,763,152,50,300,150,40,20,10,100,80,20,400,100,450,50
D12,2021-10-01,1527,763,152,50,300,150,40,20,10,100,80,20,400,100,450,50
D12,2021-11-01,1527,763,152,50,300,150,40,20,10,100,80,20,400,100,450,50
D12,2021-12-01,1527,763,152,50,300,150,40,20,10,100,80,20,400,100,450,50
D12,2022-01-01,1527,763,152,50,300,150,40,20,10,100,80,20,400,100,450,50
D12,2022-02-01,1527,763,152,50,300,150,40,20,10,100,80,20,400,100,450,50
D12,2022-03-01,1527,763,152,50,300,150,40,20,10,100,80,20,400,100,450,50
D12,2022-04-01,1527,763,152,50,300,150,40,20,10,100,80,20,400,100,450,50
D12,2022-05-01,1527,763,152,50,300,150,40,20,10,100,80,20,400,100,450,50
D12,2022-06-01,1527,763,152,50,300,150,40,20,10,100,80,20,400,100,450,50
D12,2022-07-01,1527,763,152,50,300,150,40,20,10,100,80,20,400,100,450,50
D12,2022-08-01,1527,763,152,50,300,150,40,20,10,100,80,20,400,100,450,50
D12,2022-09-01,1527,763,152,50,300,150,40,20,10,100,80,20,400,100,450,50
D12,2022-10-01,1527,763,152,50,300,150,40,20,10,100,80,20,400,100,450,50
D12,2022-11-01,1527,763,152,50,300,150,40,20,10,100,80,20,400,100,450,50
D12,2022-12-01,1527,763,152,50,300,150,40,20,10,100,80,20,400,100,450,50
D12,2023-01-01,1527,763,152,50,300,150,40,20,10,100,80,20,400,100,450,50
D12,2023-02-01,1527,763,152,50,300,150,40,20,10,100,80,20,400,100,450,50
D12,2023-03-01,1527,763,152,50,300,150,40,20,10,100,80,20,400,100,450,50
D13,2019-04-01,1236,618,123,50,300,150,40,20,10,100,80,20,400,100,450,50
D13,2019-05-01,1236,618,123,50,300,150,40,20,10,100,80,20,400,100,450,50
D13,2019-06-01,1236,618,123,50,300,150,40,20,10,100,80,20,400,100,450,50
D13,2019-07-01,1236,618,123,50,300,150,40,20,10,100,80,20,400,100,450,50
D13,2019-08-01,1236,618,123,50,300,150,40,20,10,100,80,20,400,100,450,50
D13,2019-09-01,1236,618,123,50,300,150,40,20,10,100,80,20,400,100,450,50
D13,2019-10-01,1236,618,123,50,300,150,40,20,10,100,80,20,400,100,450,50
D13,2019-11-01,1236,618,123,50,300,150,40,20,10,100,80,20,400,100,450,50
D13,2019-12-01,1236,618,123,50,300,150,40,20,10,100,80,20,400,100,450,50
D13,2020-01-01,1236,618,123,50,300,150,40,20,10,100,80,20,400,100,450,50
D13,2020-02-01,1236,618,123,50,300,150,40,20,10,100,80,20,400,100,450,50
D13,2020-03-01,1236,618,123,50,300,150,40,20,10,100,80,20,400,100,450,50
D13,2020-04-01,1236,618,123,50,300,150,40,20,10,100,80,20,400,100,450,50
D13,2020-05-01,1236,618,123,50,300,150,40,20,10,100,80,20,400,100,450,50
D13,2020-06-01,1236,618,123,50,300,150,40,20,10,100,80,20,400,100,450,50
D13,2020-07-01,1236,618,123,50,300,150,40,20,10,100,80,20,400,100,450,50
D13,2020-08-01,1236,618,123,50,300,150,40,20,10,100,80,20,400,100,450,50
D13,2020-09-01,1236,618,123,50,300,150,40,20,10,100,80,20,400,100,450,50
D13,2020-10-01,1236,618,123,50,300,150,40,20,10,100,80,20,400,100,450,50
D13,2020-11-01,1236,618,123,50,300,150,40,20,10,100,80,20,400,100,450,50
D13,2020-12-01,1236,618,123,50,300,150,40,20,10,100,80,20,400,100,450,50
D13,2021-01-01,1236,618,123,50,300,150,40,20,10,100,80,20,400,100,450,50
D13,2021-02-01,1236,618,123,50,300,150,40,20,10,100,80,20,400,100,450,50
D13,2021-03-01,1236,618,123,50,300,150,40,20,10,100,80,20,400,100,450,50
D13,2021-04-01,1236,618,123,50,300,150,40,20,10,100,80,20,400,100,450,50
D13,2021-05-01,1236,618,123,50,300,150,40,20,10,100,80,20,400,100,450,50
D13,2021-06-01,1236,618,123,50,300,150,40,20,10,100,80,20,400,100,450,50
D13,2021-07-01,1236,618,123,50,300,150,40,20,10,100,80,20,400,100,450,50
D13,2021-08-01,1236,618,123,50,300,150,40,20,10,100,80,20,400,100,450,50
D13,2021-09-01,1236,618,123,50,300,150,40,20,10,100,80,20,400,100,450,50
D13,2021-10-01,1236,618,123,50,300,150,40,20,10,100,80,20,400,100,450,50
D13,2021-11-01,1236,618,123,50,300,150,40,20,10,100,80,20,400,100,450,50
D13,2021-12-01,1236,618,123,50,300,150,40,20,10,100,80,20,400,100,450,50
D13,2022-01-01,1236,618,123,50,300,150,40,20,10,100,80,20,400,100,450,50
D13,2022-02-01,1236,618,123,50,300,150,40,20,10,100,80,20,400,100,450,50
D13,2022-03-01,1236,618,123,50,300,150,40,20,10,100,80,20,400,100,450,50
D13,2022-04-01,1236,618,123,50,300,150,40,20,10,100,80,20,400,100,450,50
D13,2022-05-01,1236,618,123,50,300,150,40,20,10,100,80,20,400,100,450,50
D13,2022-06-01,1236,618,123,50,300,150,40,20,10,100,80,20,400,100,450,50
D13,2022-07-01,1236,618,123,50,300,150,40,20,10,100,80,20,400,100,450,50
D13,2022-08-01,1236,618,123,50,300,150,40,20,10,100,80,20,400,100,450,50
D13,2022-09-01,1236,618,123,50,300,150,40,20,10,100,80,20,400,100,450,50
D13,2022-10-01,1236,618,123,50,300,150,40,20,10,100,80,20,400,100,450,50
D13,2022-11-01,1236,618,123,50,300,150,40,20,10,100,80,20,400,100,450,50
D13,2022-12-01,1236,618,123,50,300,150,40,20,10,100,80,20,400,100,450,50
D13,2023-01-01,1236,618,123,50,300,150,40,20,10,100,80,20,400,100,450,50
D13,2023-02-01,1236,618,123,50,300,150,40,20,10,100,80,20,400,100,450,50
D13,2023-03-01,1236,618,123,50,300,150,40,20,10,100,80,20,400,100,450,50
D14,2019-04-01,1690,845,169,50,300,150,40,20,10,100,80,20,400,100,450,50
D14,2019-05-01,1690,845,169,50,300,150,40,20,10,100,80,20,400,100,450,50
D14,2019-06-01,1690,845,169,50,300,150,40,20,10,100,80,20,400,100,450,50
D14,2019-07-01,1690,845,169,50,300,150,40,20,10,100,80,20,400,100,450,50
D14,2019-08-01,1690,845,169,50,300,150,40,20,10,100,80,20,400,100,450,50
D14,2019-09-01,1690,845,169,50,300,150,40,20,10,100,80,20,400,100,450,50
D14,2019-10-01,1690,845,169,50,300,150,40,20,10,100,80,20,400,100,450,50
D14,2019-11-01,1690,845,169,50,300,150,40,20,10,100,80,20,400,100,450,50
D14,2019-12-01,1690,845,169,50,300,150,40,20,10,100,80,20,400,100,450,50
D14,2020-01-01,1690,845,169,50,300,150,40,20,10,100,80,20,400,100,450,50
D14,2020-02-01,1690,845,169,50,300,150,40,20,10,100,80,20,400,100,450,50
D14,2020-03-01,1690,845,169,50,300,150,40,20,10,100,80,20,400,100,450,50
D14,2020-04-01,1690,845,169,50,300,150,40,20,10,100,80,20,400,100,450,50
D14,2020-05-01,1690,845,169,50,300,150,40,20,10,100,80,20,400,100,450,50
D14,2020-06-01,1690,845,169,50,300,150,40,20,10,100,80,20,400,100,450,50
D14,2020-07-01,1690,845,169,50,300,150,40,20,10,100,80,20,400,100,450,50
D14,2020-08-01,1690,845,169,50,300,150,40,20,10,100,80,20,400,100,450,50
D14,2020-09-01,1690,845,169,50,300,150,40,20,10,100,80,20,400,100,450,50
D14,2020-10-01,1690,845,169,50,300,150,40,20,10,100,80,20,400,100,450,50
D14,2020-11-01,1690,845,169,50,300,150,40,20,10,100,80,20,400,100,450,50
D14,2020-12-01,1690,845,169,50,300,150,40,20,10,100,80,20,400,100,450,50
D14,2021-01-01,1690,845,169,50,300,150,40,20,10,100,80,20,400,100,450,50
D14,2021-02-01,1690,845,169,50,300,150,40,20,10,100,80,20,400,100,450,50
D14,2021-03-01,1690,845,169,50,300,150,40,20,10,100,80,20,400,100,450,50
D14,2021-04-01,1690,845,169,50,300,150,40,20,10,100,80,20,400,100,450,50
D14,2021-05-01,1690,845,169,50,300,150,40,20,10,100,80,20,400,100,450,50
D14,2021-06-01,1690,845,169,50,300,150,40,20,10,100,80,20,400,100,450,50
D14,2021-07-01,1690,845,169,50,300,150,40,20,10,100,80,20,400,100,450,50
D14,2021-08-01,1690,845,169,50,300,150,40,20,10,100,80,20,400,100,450,50
D14,2021-09-01,1690,845,169,50,300,150,40,20,10,100,80,20,400,100,450,50
D14,2021-10-01,1690,845,169,50,300,150,40,20,10,100,80,20,400,100,450,50
D14,2021-11-01,1690,845,169,50,300,150,40,20,10,100,80,20,400,100,450,50
D14,2021-12-01,1690,845,169,50,300,150,40,20,10,100,80,20,400,100,450,50
D14,2022-01-01,1690,845,169,50,300,150,40,20,10,100,80,20,400,100,450,50
D14,2022-02-01,1690,845,169,50,300,150,40,20,10,100,80,20,400,100,450,50
D14,2022-03-01,1690,845,169,50,300,150,40,20,10,100,80,20,400,100,450,50
D14,2022-04-01,1690,845,169,50,300,150,40,20,10,100,80,20,400,100,450,50
D14,2022-05-01,1690,845,169,50,300,150,40,20,10,100,80,20,400,100,450,50
D14,2022-06-01,1690,845,169,50,300,150,40,20,10,100,80,20,400,100,450,50
D14,2022-07-01,1690,845,169,50,300,150,40,20,10,100,80,20,400,100,450,50
D14,2022-08-01,1690,845,169,50,300,150,40,20,10,100,80,20,400,100,450,50
D14,2022-09-01,1690,845,169,50,300,150,40,20,10,100,80,20,400,100,450,50
D14,2022-10-01,1690,845,169,50,300,150,40,20,10,100,80,20,400,100,450,50
D14,2022-11-01,1690,845,169,50,300,150,40,20,10,100,80,20,400,100,450,50
D14,2022-12-01,1690,845,169,50,300,150,40,20,10,100,80,20,400,100,450,50
D14,2023-01-01,1690,845,169,50,300,150,40,20,10,100,80,20,400,100,450,50
D14,2023-02-01,1690,845,169,50,300,150,40,20,10,100,80,20,400,100,450,50
D14,2023-03-01,1690,845,169,50,300,150,40,20,10,100,80,20,400,100,450,50
D15,2019-04-01,752,376,75,50,300,150,40,20,10,100,80,20,400,100,450,50
D15,2019-05-01,752,376,75,50,300,150,40,20,10,100,80,20,400,100,450,50
D15,2019-06-01,752,376,75,50,300,150,40,20,10,100,80,20,400,100,450,50
D15,2019-07-01,752,376,75,50,300,150,40,20,10,100,80,20,400,100,450,50
D15,2019-08-01,752,376,75,50,300,150,40,20,10,100,80,20,400,100,450,50
D15,2019-09-01,752,376,75,50,300,150,40,20,10,100,80,20,400,100,450,50
D15,2019-10-01,752,376,75,50,300,150,40,20,10,100,80,20,400,100,450,50
D15,2019-11-01,752,376,75,50,300,150,40,20,10,100,80,20,400,100,450,50
D15,2019-12-01,752,376,75,50,300,150,40,20,10,100,80,20,400,100,450,50
D15,2020-01-01,752,376,75,50,300,150,40,20,10,100,80,20,400,100,450,50
D15,2020-02-01,752,376,75,50,300,150,40,20,10,100,80,20,400,100,450,50
D15,2020-03-01,752,376,75,50,300,150,40,20,10,100,80,20,400,100,450,50
D15,2020-04-01,752,376,75,50,300,150,40,20,10,100,80,20,400,100,450,50
D15,2020-05-01,752,376,75,50,300,150,40,20,10,100,80,20,400,100,450,50
D15,2020-06-01,752,376,75,50,300,150,40,20,10,100,80,20,400,100,450,50
D15,2020-07-01,752,376,75,50,300,150,40,20,10,100,80,20,400,100,450,50
D15,2020-08-01,752,376,75,50,300,150,40,20,10,100,80,20,400,100,450,50
D15,2020-09-01,752,376,75,50,300,150,40,20,10,100,80,20,400,100,450,50
D15,2020-10-01,752,376,75,50,300,150,40,20,10,100,80,20,400,100,450,50
D15,2020-11-01,752,376,75,50,300,150,40,20,10,100,80,20,400,100,450,50
D15,2020-12-01,752,376,75,50,300,150,40,20,10,100,80,20,400,100,450,50
D15,2021-01-01,752,376,75,50,300,150,40,20,10,100,80,20,400,100,450,50
D15,2021-02-01,752,376,75,50,300,150,40,20,10,100,80,20,400,100,450,50
D15,2021-03-01,752,376,75,50,300,150,40,20,10,100,80,20,400,100,450,50
D15,2021-04-01,752,376,75,50,300,150,40,20,10,100,80,20,400,100,450,50
D15,2021-05-01,752,376,75,50,300,150,40,20,10,100,80,20,400,100,450,50
D15,2021-06-01,752,376,75,50,300,150,40,20,10,100,80,20,400,100,450,50
D15,2021-07-01,752,376,75,50,300,150,40,20,10,100,80,20,400,100,450,50
D15,2021-08-01,752,376,75,50,300,150,40,20,10,100,80,20,400,100,450,50
D15,2021-09-01,752,376,75,50,300,150,40,20,10,100,80,20,400,100,450,50
D15,2021-10-01,752,376,75,50,300,150,40,20,10,100,80,20,400,100,450,50
D15,2021-11-01,752,376,75,50,300,150,40,20,10,100,80,20,400,100,450,50
D15,2021-12-01,752,376,75,50,300,150,40,20,10,100,80,20,400,100,450,50
D15,2022-01-01,752,376,75,50,300,150,40,20,10,100,80,20,400,100,450,50
D15,2022-02-01,752,376,75,50,300,150,40,20,10,100,80,20,400,100,450,50
D15,2022-03-01,752,376,75,50,300,150,40,20,10,100,80,20,400,100,450,50
D15,2022-04-01,752,376,75,50,300,150,40,20,10,100,80,20,400,100,450,50
D15,2022-05-01,752,376,75,50,300,150,40,20,10,100,80,20,400,100,450,50
D15,2022-06-01,752,376,75,50,300,150,40,20,10,100,80,20,400,100,450,50
D15,2022-07-01,752,376,75,50,300,150,40,20,10,100,80,20,400,100,450,50
D15,2022-08-01,752,376,75,50,300,150,40,20,10,100,80,20,400,100,450,50
D15,2022-09-01,752,376,75,50,300,150,40,20,10,100,80,20,400,100,450,50
D15,2022-10-01,752,376,75,50,300,150,40,20,10,100,80,20,400,100,450,50
D15,2022-11-01,752,376,75,50,300,150,40,20,10,100,80,20,400,100,450,50
D15,2022-12-01,752,376,75,50,300,150,40,20,10,100,80,20,400,100,450,50
D15,2023-01-01,752,376,75,50,300,150,40,20,10,100,80,20,400,100,450,50
D15,2023-02-01,752,376,75,50,300,150,40,20,10,100,80,20,400,100,450,50
D15,2023-03-01,752,376,75,50,300,150,40,20,10,100,80,20,400,100,450,50
D16,2019-04-01,550,275,55,50,300,150,40,20,10,100,80,20,400,100,450,50
D16,2019-05-01,550,275,55,50,300,150,40,20,10,100,80,20,400,100,450,50
D16,2019-06-01,550,275,55,50,300,150,40,20,10,100,80,20,400,100,450,50
D16,2019-07-01,550,275,55,50,300,150,40,20,10,100,80,20,400,100,450,50
D16,2019-08-01,550,275,55,50,300,150,40,20,10,100,80,20,400,100,450,50
D16,2019-09-01,550,275,55,50,300,150,40,20,10,100,80,20,400,100,450,50
D16,2019-10-01,550,275,55,50,300,150,40,20,10,100,80,20,400,100,450,50
D16,2019-11-01,550,275,55,50,300,150,40,20,10,100,80,20,400,100,450,50
D16,2019-12-01,550,275,55,50,300,150,40,20,10,100,80,20,400,100,450,50
D16,2020-01-01,550,275,55,50,300,150,40,20,10,100,80,20,400,100,450,50
D16,2020-02-01,550,275,55,50,300,150,40,20,10,100,80,20,400,100,450,50
D16,2020-03-01,550,275,55,50,300,150,40,20,10,100,80,20,400,100,450,50
D16,2020-04-01,550,275,55,50,300,150,40,20,10,100,80,20,400,100,450,50
D16,2020-05-01,550,275,55,50,300,150,40,20,10,100,80,20,400,100,450,50
D16,2020-06-01,550,275,55,50,300,150,40,20,10,100,80,20,400,100,450,50
D16,2020-07-01,550,275,55,50,300,150,40,20,10,100,80,20,400,100,450,50
D16,2020-08-01,550,275,55,50,300,150,40,20,10,100,80,20,400,100,450,50
D16,2020-09-01,550,275,55,50,300,150,40,20,10,100,80,20,400,100,450,50
D16,2020-10-01,550,275,55,50,300,150,40,20,10,100,80,20,400,100,450,50
D16,2020-11-01,550,275,55,50,300,150,40,20,10,100,80,20,400,100,450,50
D16,2020-12-01,550,275,55,50,300,150,40,20,10,100,80,20,400,100,450,50
D16,2021-01-01,550,275,55,50,300,150,40,20,10,100,80,20,400,100,450,50
D16,2021-02-01,550,275,55,50,300,150,40,20,10,100,80,20,400,100,450,50
D16,2021-03-01,550,275,55,50,300,150,40,20,10,100,80,20,400,100,450,50
D16,2021-04-01,550,275,55,50,300,150,40,20,10,100,80,20,400,100,450,50
D16,2021-05-01,550,275,55,50,300,150,40,20,10,100,80,20,400,100,450,50
D16,2021-06-01,550,275,55,50,300,150,40,20,10,100,80,20,400,100,450,50
D16,2021-07-01,550,275,55,50,300,150,40,20,10,100,80,20,400,100,450,50
D16,2021-08-01,550,275,55,50,300,150,40,20,10,100,80,20,400,100,450,50
D16,2021-09-01,550,275,55,50,300,150,40,20,10,100,80,20,400,100,450,50
D16,2021-10-01,550,275,55,50,300,150,40,20,10,100,80,20,400,100,450,50
D16,2021-11-01,550,275,55,50,300,150,40,20,10,100,80,20,400,100,450,50
D16,2021-12-01,550,275,55,50,300,150,40,20,10,100,80,20,400,100,450,50
D16,2022-01-01,550,275,55,50,300,150,40,20,10,100,80,20,400,100,450,50
D16,2022-02-01,550,275,55,50,300,150,40,20,10,100,80,20,400,100,450,50
D16,2022-03-01,550,275,55,50,300,150,40,20,10,100,80,20,400,100,450,50
D16,2022-04-01,550,275,55,50,300,150,40,20,10,100,80,20,400,100,450,50
D16,2022-05-01,550,275,55,50,300,150,40,20,10,100,80,20,400,100,450,50
D16,2022-06-01,550,275,55,50,300,150,40,20,10,100,80,20,400,100,450,50
D16,2022-07-01,550,275,55,50,300,150,40,20,10,100,80,20,400,100,450,50
D16,2022-08-01,550,275,55,50,300,150,40,20,10,100,80,20,400,100,450,50
D16,2022-09-01,550,275,55,50,300,150,40,20,10,100,80,20,400,100,450,50
D16,2022-10-01,550,275,55,50,300,150,40,20,10,100,80,20,400,100,450,50
D16,2022-11-01,550,275,55,50,300,150,40,20,10,100,80,20,400,100,450,50
D16,2022-12-01,550,275,55,50,300,150,40,20,10,100,80,20,400,100,450,50
D16,2023-01-01,550,275,55,50,300,150,40,20,10,100,80,20,400,100,450,50
D16,2023-02-01,550,275,55,50,300,150,40,20,10,100,80,20,400,100,450,50
D16,2023-03-01,550,275,55,50,300,150,40,20,10,100,80,20,400,100,450,50
D17,2019-04-01,581,290,58,50,300,150,40,20,10,100,80,20,400,100,450,50
D17,2019-05-01,581,290,58,50,300,150,40,20,10,100,80,20,400,100,450,50
D17,2019-06-01,581,290,58,50,300,150,40,20,10,100,80,20,400,100,450,50
D17,2019-07-01,581,290,58,50,300,150,40,20,10,100,80,20,400,100,450,50
D17,2019-08-01,581,290,58,50,300,150,40,20,10,100,80,20,400,100,450,50
D17,2019-09-01,581,290,58,50,300,150,40,20,10,100,80,20,400,100,450,50
D17,2019-10-01,581,290,58,50,300,150,40,20,10,100,80,20,400,100,450,50
D17,2019-11-01,581,290,58,50,300,150,40,20,10,100,80,20,400,100,450,50
D17,2019-12-01,581,290,58,50,300,150,40,20,10,100,80,20,400,100,450,50
D17,2020-01-01,581,290,58,50,300,150,40,20,10,100,80,20,400,100,450,50
D17,2020-02-01,581,290,58,50,300,150,40,20,10,100,80,20,400,100,450,50
D17,2020-03-01,581,290,58,50,300,150,40,20,10,100,80,20,400,100,450,50
D17,2020-04-01,581,290,58,50,300,150,40,20,10,100,80,20,400,100,450,50
D17,2020-05-01,581,290,58,50,300,150,40,20,10,100,80,20,400,100,450,50
D17,2020-06-01,581,290,58,50,300,150,40,20,10,100,80,20,400,100,450,50
D17,2020-07-01,581,290,58,50,300,150,40,20,10,100,80,20,400,100,450,50
D17,2020-08-01,581,290,58,50,300,150,40,20,10,100,80,20,400,100,450,50
D17,2020-09-01,581,290,58,50,300,150,40,20,10,100,80,20,400,100,450,50
D17,2020-10-01,581,290,58,50,300,150,40,20,10,100,80,20,400,100,450,50
D17,2020-11-01,581,290,58,50,300,150,40,20,10,100,80,20,400,100,450,50
D17,2020-12-01,581,290,58,50,300,150,40,20,10,100,80,20,400,100,450,50
D17,2021-01-01,581,290,58,50,300,150,40,20,10,100,80,20,400,100,450,50
D17,2021-02-01,581,290,58,50,300,150,40,20,10,100,80,20,400,100,450,50
D17,2021-03-01,581,290,58,50,300,150,40,20,10,100,80,20,400,100,450,50
D17,2021-04-01,581,290,58,50,300,150,40,20,10,100,80,20,400,100,450,50
D17,2021-05-01,581,290,58,50,300,150,40,20,10,100,80,20,400,100,450,50
D17,2021-06-01,581,290,58,50,300,150,40,20,10,100,80,20,400,100,450,50
D17,2021-07-01,581,290,58,50,300,150,40,20,10,100,80,20,400,100,450,50
D17,2021-08-01,581,290,58,50,300,150,40,20,10,100,80,20,400,100,450,50
D17,2021-09-01,581,290,58,50,300,150,40,20,10,100,80,20,400,100,450,50
D17,2021-10-01,581,290,58,50,300,150,40,20,10,100,80,20,400,100,450,50
D17,2021-11-01,581,290,58,50,300,150,40,20,10,100,80,20,400,100,450,50
D17,2021-12-01,581,290,58,50,300,150,40,20,10,100,80,20,400,100,450,50
D17,2022-01-01,581,290,58,50,300,150,40,20,10,100,80,20,400,100,450,50
D17,2022-02-01,581,290,58,50,300,150,40,20,10,100,80,20,400,100,450,50
D17,2022-03-01,581,290,58,50,300,150,40,20,10,100,80,20,400,100,450,50
D17,2022-04-01,581,290,58,50,300,150,40,20,10,100,80,20,400,100,450,50
D17,2022-05-01,581,290,58,50,300,150,40,20,10,100,80,20,400,100,450,50
D17,2022-06-01,581,290,58,50,300,150,40,20,10,100,80,20,400,100,450,50
D17,2022-07-01,581,290,58,50,300,150,40,20,10,100,80,20,400,100,450,50
D17,2022-08-01,581,290,58,50,300,150,40,20,10,100,80,20,400,100,450,50
D17,2022-09-01,581,290,58,50,300,150,40,20,10,100,80,20,400,100,450,50
D17,2022-10-01,581,290,58,50,300,150,40,20,10,100,80,20,400,100,450,50
D17,2022-11-01,581,290,58,50,300,150,40,20,10,100,80,20,400,100,450,50
D17,2022-12-01,581,290,58,50,300,150,40,20,10,100,80,20,400,100,450,50
D17,2023-01-01,581,290,58,50,300,150,40,20,10,100,80,20,400,100,450,50
D17,2023-02-01,581,290,58,50,300,150,40,20,10,100,80,20,400,100,450,50
D17,2023-03-01,581,290,58,50,300,150,40,20,10,100,80,20,400,100,450,50
D18,2019-04-01,520,260,52,50,300,150,40,20,10,100,80,20,400,100,450,50
D18,2019-05-01,520,260,52,50,300,150,40,20,10,100,80,20,400,100,450,50
D18,2019-06-01,520,260,52,50,300,150,40,20,10,100,80,20,400,100,450,50
D18,2019-07-01,520,260,52,50,300,150,40,20,10,100,80,20,400,100,450,50
D18,2019-08-01,520,260,52,50,300,150,40,20,10,100,80,20,400,100,450,50
D18,2019-09-01,520,260,52,50,300,150,40,20,10,100,80,20,400,100,450,50
D18,2019-10-01,520,260,52,50,300,150,40,20,10,100,80,20,400,100,450,50
D18,2019-11-01,520,260,52,50,300,150,40,20,10,100,80,20,400,100,450,50
D18,2019-12-01,520,260,52,50,300,150,40,20,10,100,80,20,400,100,450,50
D18,2020-01-01,520,260,52,50,300,150,40,20,10,100,80,20,400,100,450,50
D18,2020-02-01,520,260,52,50,300,150,40,20,10,100,80,20,400,100,450,50
D18,2020-03-01,520,260,52,50,300,150,40,20,10,100,80,20,400,100,450,50
D18,2020-04-01,520,260,52,50,300,150,40,20,10,100,80,20,400,100,450,50
D18,2020-05-01,520,260,52,50,300,150,40,20,10,100,80,20,400,100,450,50
D18,2020-06-01,520,260,52,50,300,150,40,20,10,100,80,20,400,100,450,50
D18,2020-07-01,520,260,52,50,300,150,40,20,10,100,80,20,400,100,450,50
D18,2020-08-01,520,260,52,50,300,150,40,20,10,100,80,20,400,100,450,50
D18,2020-09-01,520,260,52,50,300,150,40,20,10,100,80,20,400,100,450,50
D18,2020-10-01,520,260,52,50,300,150,40,20,10,100,80,20,400,100,450,50
D18,2020-11-01,520,260,52,50,300,150,40,20,10,100,80,20,400,100,450,50
D18,2020-12-01,520,260,52,50,300,150,40,20,10,100,80,20,400,100,450,50
D18,2021-01-01,520,260,52,50,300,150,40,20,10,100,80,20,400,100,450,50
D18,2021-02-01,520,260,52,50,300,150,40,20,10,100,80,20,400,100,450,50
D18,2021-03-01,520,260,52,50,300,150,40,20,10,100,80,20,400,100,450,50
D18,2021-04-01,520,260,52,50,300,150,40,20,10,100,80,20,400,100,450,50
D18,2021-05-01,520,260,52,50,300,150,40,20,10,100,80,20,400,100,450,50
D18,2021-06-01,520,260,52,50,300,150,40,20,10,100,80,20,400,100,450,50
D18,2021-07-01,520,260,52,50,300,150,40,20,10,100,80,20,400,100,450,50
D18,2021-08-01,520,260,52,50,300,150,40,20,10,100,80,20,400,100,450,50
D18,2021-09-01,520,260,52,50,300,150,40,20,10,100,80,20,400,100,450,50
D18,2021-10-01,520,260,52,50,300,150,40,20,10,100,80,20,400,100,450,50
D18,2021-11-01,520,260,52,50,300,150,40,20,10,100,80,20,400,100,450,50
D18,2021-12-01,520,260,52,50,300,150,40,20,10,100,80,20,400,100,450,50
D18,2022-01-01,520,260,52,50,300,150,40,20,10,100,80,20,400,100,450,50
D18,2022-02-01,520,260,52,50,300,150,40,20,10,100,80,20,400,100,450,50
D18,2022-03-01,520,260,52,50,300,150,40,20,10,100,80,20,400,100,450,50
D18,2022-04-01,520,260,52,50,300,150,40,20,10,100,80,20,400,100,450,50
D18,2022-05-01,520,260,52,50,300,150,40,20,10,100,80,20,400,100,450,50
D18,2022-06-01,520,260,52,50,300,150,40,20,10,100,80,20,400,100,450,50
D18,2022-07-01,520,260,52,50,300,150,40,20,10,100,80,20,400,100,450,50
D18,2022-08-01,520,260,52,50,300,150,40,20,10,100,80,20,400,100,450,50
D18,2022-09-01,520,260,52,50,300,150,40,20,10,100,80,20,400,100,450,50
D18,2022-10-01,520,260,52,50,300,150,40,20,10,100,80,20,400,100,450,50
D18,2022-11-01,520,260,52,50,300,150,40,20,10,100,80,20,400,100,450,50
D18,2022-12-01,520,260,52,50,300,150,40,20,10,100,80,20,400,100,450,50
D18,2023-01-01,520,260,52,50,300,150,40,20,10,100,80,20,400,100,450,50
D18,2023-02-01,520,260,52,50,300,150,40,20,10,100,80,20,400,100,450,50
D18,2023-03-01,520,260,52,50,300,150,40,20,10,100,80,20,400,100,450,50
D19,2019-04-01,1853,926,185,50,300,150,40,20,10,100,80,20,400,100,450,50
D19,2019-05-01,1853,926,185,50,300,150,40,20,10,100,80,20,400,100,450,50
D19,2019-06-01,1853,926,185,50,300,150,40,20,10,100,80,20,400,100,450,50
D19,2019-07-01,1853,926,185,50,300,150,40,20,10,100,80,20,400,100,450,50
D19,2019-08-01,1853,926,185,50,300,150,40,20,10,100,80,20,400,100,450,50
D19,2019-09-01,1853,926,185,50,300,150,40,20,10,100,80,20,400,100,450,50
D19,2019-10-01,1853,926,185,50,300,150,40,20,10,100,80,20,400,100,450,50
D19,2019-11-01,1853,926,185,50,300,150,40,20,10,100,80,20,400,100,450,50
D19,2019-12-01,1853,926,185,50,300,150,40,20,10,100,80,20,400,100,450,50
D19,2020-01-01,1853,926,185,50,300,150,40,20,10,100,80,20,400,100,450,50
D19,2020-02-01,1853,926,185,50,300,150,40,20,10,100,80,20,400,100,450,50
D19,2020-03-01,1853,926,185,50,300,150,40,20,10,100,80,20,400,100,450,50
D19,2020-04-01,1853,926,185,50,300,150,40,20,10,100,80,20,400,100,450,50
D19,2020-05-01,1853,926,185,50,300,150,40,20,10,100,80,20,400,100,450,50
D19,2020-06-01,1853,926,185,50,300,150,40,20,10,100,80,20,400,100,450,50
D19,2020-07-01,1853,926,185,50,300,150,40,20,10,100,80,20,400,100,450,50
D19,2020-08-01,1853,926,185,50,300,150,40,20,10,100,80,20,400,100,450,50
D19,2020-09-01,1853,926,185,50,300,150,40,20,10,100,80,20,400,100,450,50
D19,2020-10-01,1853,926,185,50,300,150,40,20,10,100,80,20,400,100,450,50
D19,2020-11-01,1853,926,185,50,300,150,40,20,10,100,80,20,400,100,450,50
D19,2020-12-01,1853,926,185,50,300,150,40,20,10,100,80,20,400,100,450,50
D19,2021-01-01,1853,926,185,50,300,150,40,20,10,100,80,20,400,100,450,50
D19,2021-02-01,1853,926,185,50,300,150,40,20,10,100,80,20,400,100,450,50
D19,2021-03-01,1853,926,185,50,300,150,40,20,10,100,80,20,400,100,450,50
D19,2021-04-01,1853,926,185,50,300,150,40,20,10,100,80,20,400,100,450,50
D19,2021-05-01,1853,926,185,50,300,150,40,20,10,100,80,20,400,100,450,50
D19,2021-06-01,1853,926,185,50,300,150,40,20,10,100,80,20,400,100,450,50
D19,2021-07-01,1853,926,185,50,300,150,40,20,10,100,80,20,400,100,450,50
D19,2021-08-01,1853,926,185,50,300,150,40,20,10,100,80,20,400,100,450,50
D19,2021-09-01,1853,926,185,50,300,150,40,20,10,100,80,20,400,100,450,50
D19,2021-10-01,1853,926,185,50,300,150,40,20,10,100,80,20,400,100,450,50
D19,2021-11-01,1853,926,185,50,300,150,40,20,10,100,80,20,400,100,450,50
D19,2021-12-01,1853,926,185,50,300,150,40,20,10,100,80,20,400,100,450,50
D19,2022-01-01,1853,926,185,50,300,150,40,20,10,100,80,20,400,100,450,50
D19,2022-02-01,1853,926,185,50,300,150,40,20,10,100,80,20,400,100,450,50
D19,2022-03-01,1853,926,185,50,300,150,40,20,10,100,80,20,400,100,450,50
D19,2022-04-01,1853,926,185,50,300,150,40,20,10,100,80,20,400,100,450,50
D19,2022-05-01,1853,926,185,50,300,150,40,20,10,100,80,20,400,100,450,50
D19,2022-06-01,1853,926,185,50,300,150,40,20,10,100,80,20,400,100,450,50
D19,2022-07-01,1853,926,185,50,300,150,40,20,10,100,80,20,400,100,450,50
D19,2022-08-01,1853,926,185,50,300,150,40,20,10,100,80,20,400,100,450,50
D19,2022-09-01,1853,926,185,50,300,150,40,20,10,100,80,20,400,100,450,50
D19,2022-10-01,1853,926,185,50,300,150,40,20,10,100,80,20,400,100,450,50
D19,2022-11-01,1853,926,185,50,300,150,40,20,10,100,80,20,400,100,450,50
D19,2022-12-01,1853,926,185,50,300,150,40,20,10,100,80,20,400,100,450,50
D19,2023-01-01,1853,926,185,50,300,150,40,20,10,100,80,20,400,100,450,50
D19,2023-02-01,1853,926,185,50,300,150,40,20,10,100,80,20,400,100,450,50
D19,2023-03-01,1853,926,185,50,300,150,40,20,10,100,80,20,400,100,450,50
D20,2019-04-01,1383,691,138,50,300,150,40,20,10,100,80,20,400,100,450,50
D20,2019-05-01,1383,691,138,50,300,150,40,20,10,100,80,20,400,100,450,50
D20,2019-06-01,1383,691,138,50,300,150,40,20,10,100,80,20,400,100,450,50
D20,2019-07-01,1383,691,138,50,300,150,40,20,10,100,80,20,400,100,450,50
D20,2019-08-01,1383,691,138,50,300,150,40,20,10,100,80,20,400,100,450,50
D20,2019-09-01,1383,691,138,50,300,150,40,20,10,100,80,20,400,100,450,50
D20,2019-10-01,1383,691,138,50,300,150,40,20,10,100,80,20,400,100,450,50
D20,2019-11-01,1383,691,138,50,300,150,40,20,10,100,80,20,400,100,450,50
D20,2019-12-01,1383,691,138,50,300,150,40,20,10,100,80,20,400,100,450,50
D20,2020-01-01,1383,691,138,50,300,150,40,20,10,100,80,20,400,100,450,50
D20,2020-02-01,1383,691,138,50,300,150,40,20,10,100,80,20,400,100,450,50
D20,2020-03-01,1383,691,138,50,300,150,40,20,10,100,80,20,400,100,450,50
D20,2020-04-01,1383,691,138,50,300,150,40,20,10,100,80,20,400,100,450,50
D20,2020-05-01,1383,691,138,50,300,150,40,20,10,100,80,20,400,100,450,50
D20,2020-06-01,1383,691,138,50,300,150,40,20,10,100,80,20,400,100,450,50
D20,2020-07-01,1383,691,138,50,300,150,40,20,10,100,80,20,400,100,450,50
D20,2020-08-01,1383,691,138,50,300,150,40,20,10,100,80,20,400,100,450,50
D20,2020-09-01,1383,691,138,50,300,150,40,20,10,100,80,20,400,100,450,50
D20,2020-10-01,1383,691,138,50,300,150,40,20,10,100,80,20,400,100,450,50
D20,2020-11-01,1383,691,138,50,300,150,40,20,10,100,80,20,400,100,450,50
D20,2020-12-01,1383,691,138,50,300,150,40,20,10,100,80,20,400,100,450,50
D20,2021-01-01,1383,691,138,50,300,150,40,20,10,100,80,20,400,100,450,50
D20,2021-02-01,1383,691,138,50,300,150,40,20,10,100,80,20,400,100,450,50
D20,2021-03-01,1383,691,138,50,300,150,40,20,10,100,80,20,400,100,450,50
D20,2021-04-01,1383,691,138,50,300,150,40,20,10,100,80,20,400,100,450,50
D20,2021-05-01,1383,691,138,50,300,150,40,20,10,100,80,20,400,100,450,50
D20,2021-06-01,1383,691,138,50,300,150,40,20,10,100,80,20,400,100,450,50
D20,2021-07-01,1383,691,138,50,300,150,40,20,10,100,80,20,400,100,450,50
D20,2021-08-01,1383,691,138,50,300,150,40,20,10,100,80,20,400,100,450,50
D20,2021-09-01,1383,691,138,50,300,150,40,20,10,100,80,20,400,100,450,50
D20,2021-10-01,1383,691,138,50,300,150,40,20,10,100,80,20,400,100,450,50
D20,2021-11-01,1383,691,138,50,300,150,40,20,10,100,80,20,400,100,450,50
D20,2021-12-01,1383,691,138,50,300,150,40,20,10,100,80,20,400,100,450,50
D20,2022-01-01,1383,691,138,50,300,150,40,20,10,100,80,20,400,100,450,50
D20,2022-02-01,1383,691,138,50,300,150,40,20,10,100,80,20,400,100,450,50
D20,2022-03-01,1383,691,138,50,300,150,40,20,10,100,80,20,400,100,450,50
D20,2022-04-01,1383,691,138,50,300,150,40,20,10,100,80,20,400,100,450,50
D20,2022-05-01,1383,691,138,50,300,150,40,20,10,100,80,20,400,100,450,50
D20,2022-06-01,1383,691,138,50,300,150,40,20,10,100,80,20,400,100,450,50
D20,2022-07-01,1383,691,138,50,300,150,40,20,10,100,80,20,400,100,450,50
D20,2022-08-01,1383,691,138,50,300,150,40,20,10,100,80,20,400,100,450,50
D20,2022-09-01,1383,691,138,50,300,150,40,20,10,100,80,20,400,100,450,50
D20,2022-10-01,1383,691,138,50,300,150,40,20,10,100,80,20,400,100,450,50
D20,2022-11-01,1383,691,138,50,300,150,40,20,10,100,80,20,400,100,450,50
D20,2022-12-01,1383,691,138,50,300,150,40,20,10,100,80,20,400,100,450,50
D20,2023-01-01,1383,691,138,50,300,150,40,20,10,100,80,20,400,100,450,50
D20,2023-02-01,1383,691,138,50,300,150,40,20,10,100,80,20,400,100,450,50
D20,2023-03-01,1383,691,138,50,300,150,40,20,10,100,80,20,400,100,450,50
D21,2019-04-01,1230,615,123,50,300,150,40,20,10,100,80,20,400,100,450,50
D21,2019-05-01,1230,615,123,50,300,150,40,20,10,100,80,20,400,100,450,50
D21,2019-06-01,1230,615,123,50,300,150,40,20,10,100,80,20,400,100,450,50
D21,2019-07-01,1230,615,123,50,300,150,40,20,10,100,80,20,400,100,450,50
D21,2019-08-01,1230,615,123,50,300,150,40,20,10,100,80,20,400,100,450,50
D21,2019-09-01,1230,615,123,50,300,150,40,20,10,100,80,20,400,100,450,50
D21,2019-10-01,1230,615,123,50,300,150,40,20,10,100,80,20,400,100,450,50
D21,2019-11-01,1230,615,123,50,300,150,40,20,10,100,80,20,400,100,450,50
D21,2019-12-01,1230,615,123,50,300,150,40,20,10,100,80,20,400,100,450,50
D21,2020-01-01,1230,615,123,50,300,150,40,20,10,100,80,20,400,100,450,50
D21,2020-02-01,1230,615,123,50,300,150,40,20,10,100,80,20,400,100,450,50
D21,2020-03-01,1230,615,123,50,300,150,40,20,10,100,80,20,400,100,450,50
D21,2020-04-01,1230,615,123,50,300,150,40,20,10,100,80,20,400,100,450,50
D21,2020-05-01,1230,615,123,50,300,150,40,20,10,100,80,20,400,100,450,50
D21,2020-06-01,1230,615,123,50,300,150,40,20,10,100,80,20,400,100,450,50
D21,2020-07-01,1230,615,123,50,300,150,40,20,10,100,80,20,400,100,450,50
D21,2020-08-01,1230,615,123,50,300,150,40,20,10,100,80,20,400,100,450,50
D21,2020-09-01,1230,615,123,50,300,150,40,20,10,100,80,20,400,100,450,50
D21,2020-10-01,1230,615,123,50,300,150,40,20,10,100,80,20,400,100,450,50
D21,2020-11-01,1230,615,123,50,300,150,40,20,10,100,80,20,400,100,450,50
D21,2020-12-01,1230,615,123,50,300,150,40,20,10,100,80,20,400,100,450,50
D21,2021-01-01,1230,615,123,50,300,150,40,20,10,100,80,20,400,100,450,50
D21,2021-02-01,1230,615,123,50,300,150,40,20,10,100,80,20,400,100,450,50
D21,2021-03-01,1230,615,123,50,300,150,40,20,10,100,80,20,400,100,450,50
D21,2021-04-01,1230,615,123,50,300,150,40,20,10,100,80,20,400,100,450,50
D21,2021-05-01,1230,615,123,50,300,150,40,20,10,100,80,20,400,100,450,50
D21,2021-06-01,1230,615,123,50,300,150,40,20,10,100,80,20,400,100,450,50
D21,2021-07-01,1230,615,123,50,300,150,40,20,10,100,80,20,400,100,450,50
D21,2021-08-01,1230,615,123,50,300,150,40,20,10,100,80,20,400,100,450,50
D21,2021-09-01,1230,615,123,50,300,150,40,20,10,100,80,20,400,100,450,50
D21,2021-10-01,1230,615,123,50,300,150,40,20,10,100,80,20,400,100,450,50
D21,2021-11-01,1230,615,123,50,300,150,40,20,10,100,80,20,400,100,450,50
D21,2021-12-01,1230,615,123,50,300,150,40,20,10,100,80,20,400,100,450,50
D21,2022-01-01,1230,615,123,50,300,150,40,20,10,100,80,20,400,100,450,50
D21,2022-02-01,1230,615,123,50,300,150,40,20,10,100,80,20,400,100,450,50
D21,2022-03-01,1230,615,123,50,300,150,40,20,10,100,80,20,400,100,450,50
D21,2022-04-01,1230,615,123,50,300,150,40,20,10,100,80,20,400,100,450,50
D21,2022-05-01,1230,615,123,50,300,150,40,20,10,100,80,20,400,100,450,50
D21,2022-06-01,1230,615,123,50,300,150,40,20,10,100,80,20,400,100,450,50
D21,2022-07-01,1230,615,123,50,300,150,40,20,10,100,80,20,400,100,450,50
D21,2022-08-01,1230,615,123,50,300,150,40,20,10,100,80,20,400,100,450,50
D21,2022-09-01,1230,615,123,50,300,150,40,20,10,100,80,20,400,100,450,50
D21,2022-10-01,1230,615,123,50,300,150,40,20,10,100,80,20,400,100,450,50
D21,2022-11-01,1230,615,123,50,300,150,40,20,10,100,80,20,400,100,450,50
D21,2022-12-01,1230,615,123,50,300,150,40,20,10,100,80,20,400,100,450,50
D21,2023-01-01,1230,615,123,50,300,150,40,20,10,100,80,20,400,100,450,50
D21,2023-02-01,1230,615,123,50,300,150,40,20,10,100,80,20,400,100,450,50
D21,2023-03-01,1230,615,123,50,300,150,40,20,10,100,80,20,400,100,450,50
D22,2019-04-01,1104,552,110,50,300,150,40,20,10,100,80,20,400,100,450,50
D22,2019-05-01,1104,552,110,50,300,150,40,20,10,100,80,20,400,100,450,50
D22,2019-06-01,1104,552,110,50,300,150,40,20,10,100,80,20,400,100,450,50
D22,2019-07-01,1104,552,110,50,300,150,40,20,10,100,80,20,400,100,450,50
D22,2019-08-01,1104,552,110,50,300,150,40,20,10,100,80,20,400,100,450,50
D22,2019-09-01,1104,552,110,50,300,150,40,20,10,100,80,20,400,100,450,50
D22,2019-10-01,1104,552,110,50,300,150,40,20,10,100,80,20,400,100,450,50
D22,2019-11-01,1104,552,110,50,300,150,40,20,10,100,80,20,400,100,450,50
D22,2019-12-01,1104,552,110,50,300,150,40,20,10,100,80,20,400,100,450,50
D22,2020-01-01,1104,552,110,50,300,150,40,20,10,100,80,20,400,100,450,50
D22,2020-02-01,1104,552,110,50,300,150,40,20,10,100,80,20,400,100,450,50
D22,2020-03-01,1104,552,110,50,300,150,40,20,10,100,80,20,400,100,450,50
D22,2020-04-01,1104,552,110,50,300,150,40,20,10,100,80,20,400,100,450,50
D22,2020-05-01,1104,552,110,50,300,150,40,20,10,100,80,20,400,100,450,50
D22,2020-06-01,1104,552,110,50,300,150,40,20,10,100,80,20,400,100,450,50
D22,2020-07-01,1104,552,110,50,300,150,40,20,10,100,80,20,400,100,450,50
D22,2020-08-01,1104,552,110,50,300,150,40,20,10,100,80,20,400,100,450,50
D22,2020-09-01,1104,552,110,50,300,150,40,20,10,100,80,20,400,100,450,50
D22,2020-10-01,1104,552,110,50,300,150,40,20,10,100,80,20,400,100,450,50
D22,2020-11-01,1104,552,110,50,300,150,40,20,10,100,80,20,400,100,450,50
D22,2020-12-01,1104,552,110,50,300,150,40,20,10,100,80,20,400,100,450,50
D22,2021-01-01,1104,552,110,50,300,150,40,20,10,100,80,20,400,100,450,50
D22,2021-02-01,1104,552,110,50,300,150,40,20,10,100,80,20,400,100,450,50
D22,2021-03-01,1104,552,110,50,300,150,40,20,10,100,80,20,400,100,450,50
D22,2021-04-01,1104,552,110,50,300,150,40,20,10,100,80,20,400,100,450,50
D22,2021-05-01,1104,552,110,50,300,150,40,20,10,100,80,20,400,100,450,50
D22,2021-06-01,1104,552,110,50,300,150,40,20,10,100,80,20,400,100,450,50
D22,2021-07-01,1104,552,110,50,300,150,40,20,10,100,80,20,400,100,450,50
D22,2021-08-01,1104,552,110,50,300,150,40,20,10,100,80,20,400,100,450,50
D22,2021-09-01,1104,552,110,50,300,150,40,20,10,100,80,20,400,100,450,50
D22,2021-10-01,1104,552,110,50,300,150,40,20,10,100,80,20,400,100,450,50
D22,2021-11-01,1104,552,110,50,300,150,40,20,10,100,80,20,400,100,450,50
D22,2021-12-01,1104,552,110,50,300,150,40,20,10,100,80,20,400,100,450,50
D22,2022-01-01,1104,552,110,50,300,150,40,20,10,100,80,20,400,100,450,50
D22,2022-02-01,1104,552,110,50,300,150,40,20,10,100,80,20,400,100,450,50
D22,2022-03-01,1104,552,110,50,300,150,40,20,10,100,80,20,400,100,450,50
D22,2022-04-01,1104,552,110,50,300,150,40,20,10,100,80,20,400,100,450,50
D22,2022-05-01,1104,552,110,50,300,150,40,20,10,100,80,20,400,100,450,50
D22,2022-06-01,1104,552,110,50,300,150,40,20,10,100,80,20,400,100,450,50
D22,2022-07-01,1104,552,110,50,300,150,40,20,10,100,80,20,400,100,450,50
D22,2022-08-01,1104,552,110,50,300,150,40,20,10,100,80,20,400,100,450,50
D22,2022-09-01,1104,552,110,50,300,150,40,20,10,100,80,20,400,100,450,50
D22,2022-10-01,1104,552,110,50,300,150,40,20,10,100,80,20,400,100,450,50
D22,2022-11-01,1104,552,110,50,300,150,40,20,10,100,80,20,400,100,450,50
D22,2022-12-01,1104,552,110,50,300,150,40,20,10,100,80,20,400,100,450,50
D22,2023-01-01,1104,552,110,50,300,150,40,20,10,100,80,20,400,100,450,50
D22,2023-02-01,1104,552,110,50,300,150,40,20,10,100,80,20,400,100,450,50
D22,2023-03-01,1104,552,110,50,300,150,40,20,10,100,80,20,400,100,450,50
D23,2019-04-01,1768,884,176,50,300,150,40,20,10,100,80,20,400,100,450,50
D23,2019-05-01,1768,884,176,50,300,150,40,20,10,100,80,20,400,100,450,50
D23,2019-06-01,1768,884,176,50,300,150,40,20,10,100,80,20,400,100,450,50
D23,2019-07-01,1768,884,176,50,300,150,40,20,10,100,80,20,400,100,450,50
D23,2019-08-01,1768,884,176,50,300,150,40,20,10,100,80,20,400,100,450,50
D23,2019-09-01,1768,884,176,50,300,150,40,20,10,100,80,20,400,100,450,50
D23,2019-10-01,1768,884,176,50,300,150,40,20,10,100,80,20,400,100,450,50
D23,2019-11-01,1768,884,176,50,300,150,40,20,10,100,80,20,400,100,450,50
D23,2019-12-01,1768,884,176,50,300,150,40,20,10,100,80,20,400,100,450,50
D23,2020-01-01,1768,884,176,50,300,150,40,20,10,100,80,20,400,100,450,50
D23,2020-02-01,1768,884,176,50,300,150,40,20,10,100,80,20,400,100,450,50
D23,2020-03-01,1768,884,176,50,300,150,40,20,10,100,80,20,400,100,450,50
D23,2020-04-01,1768,884,176,50,300,150,40,20,10,100,80,20,400,100,450,50
D23,2020-05-01,1768,884,176,50,300,150,40,20,10,100,80,20,400,100,450,50
D23,2020-06-01,1768,884,176,50,300,150,40,20,10,100,80,20,400,100,450,50
D23,2020-07-01,1768,884,176,50,300,150,40,20,10,100,80,20,400,100,450,50
D23,2020-08-01,1768,884,176,50,300,150,40,20,10,100,80,20,400,100,450,50
D23,2020-09-01,1768,884,176,50,300,150,40,20,10,100,80,20,400,100,450,50
D23,2020-10-01,1768,884,176,50,300,150,40,20,10,100,80,20,400,100,450,50
D23,2020-11-01,1768,884,176,50,300,150,40,20,10,100,80,20,400,100,450,50
D23,2020-12-01,1768,884,176,50,300,150,40,20,10,100,80,20,400,100,450,50
D23,2021-01-01,1768,884,176,50,300,150,40,20,10,100,80,20,400,100,450,50
D23,2021-02-01,1768,884,176,50,300,150,40,20,10,100,80,20,400,100,450,50
D23,2021-03-01,1768,884,176,50,300,150,40,20,10,100,80,20,400,100,450,50
D23,2021-04-01,1768,884,176,50,300,150,40,20,10,100,80,20,400,100,450,50
D23,2021-05-01,1768,884,176,50,300,150,40,20,10,100,80,20,400,100,450,50
D23,2021-06-01,1768,884,176,50,300,150,40,20,10,100,80,20,400,100,450,50
D23,2021-07-01,1768,884,176,50,300,150,40,20,10,100,80,20,400,100,450,50
D23,2021-08-01,1768,884,176,50,300,150,40,20,10,100,80,20,400,100,450,50
D23,2021-09-01,1768,884,176,50,300,150,40,20,10,100,80,20,400,100,450,50
D23,2021-10-01,1768,884,176,50,300,150,40,20,10,100,80,20,400,100,450,50
D23,2021-11-01,1768,884,176,50,300,150,40,20,10,100,80,20,400,100,450,50
D23,2021-12-01,1768,884,176,50,300,150,40,20,10,100,80,20,400,100,450,50
D23,2022-01-01,1768,884,176,50,300,150,40,20,10,100,80,20,400,100,450,50
D23,2022-02-01,1768,884,176,50,300,150,40,20,10,100,80,20,400,100,450,50
D23,2022-03-01,1768,884,176,50,300,150,40,20,10,100,80,20,400,100,450,50
D23,2022-04-01,1768,884,176,50,300,150,40,20,10,100,80,20,400,100,450,50
D23,2022-05-01,1768,884,176,50,300,150,40,20,10,100,80,20,400,100,450,50
D23,2022-06-01,1768,884,176,50,300,150,40,20,10,100,80,20,400,100,450,50
D23,2022-07-01,1768,884,176,50,300,150,40,20,10,100,80,20,400,100,450,50
D23,2022-08-01,1768,884,176,50,300,150,40,20,10,100,80,20,400,100,450,50
D23,2022-09-01,1768,884,176,50,300,150,40,20,10,100,80,20,400,100,450,50
D23,2022-10-01,1768,884,176,50,300,150,40,20,10,100,80,20,400,100,450,50
D23,2022-11-01,1768,884,176,50,300,150,40,20,10,100,80,20,400,100,450,50
D23,2022-12-01,1768,884,176,50,300,150,40,20,10,100,80,20,400,100,450,50
D23,2023-01-01,1768,884,176,50,300,150,40,20,10,100,80,20,400,100,450,50
D23,2023-02-01,1768,884,176,50,300,150,40,20,10,100,80,20,400,100,450,50
D23,2023-03-01,1768,884,176,50,300,150,40,20,10,100,80,20,400,100,450,50
D24,2019-04-01,1578,789,157,50,300,150,40,20,10,100,80,20,400,100,450,50
D24,2019-05-01,1578,789,157,50,300,150,40,20,10,100,80,20,400,100,450,50
D24,2019-06-01,1578,789,157,50,300,150,40,20,10,100,80,20,400,100,450,50
D24,2019-07-01,1578,789,157,50,300,150,40,20,10,100,80,20,400,100,450,50
D24,2019-08-01,1578,789,157,50,300,150,40,20,10,100,80,20,400,100,450,50
D24,2019-09-01,1578,789,157,50,300,150,40,20,10,100,80,20,400,100,450,50
D24,2019-10-01,1578,789,157,50,300,150,40,20,10,100,80,20,400,100,450,50
D24,2019-11-01,1578,789,157,50,300,150,40,20,10,100,80,20,400,100,450,50
D24,2019-12-01,1578,789,157,50,300,150,40,20,10,100,80,20,400,100,450,50
D24,2020-01-01,1578,789,157,50,300,150,40,20,10,100,80,20,400,100,450,50
D24,2020-02-01,1578,789,157,50,300,150,40,20,10,100,80,20,400,100,450,50
D24,2020-03-01,1578,789,157,50,300,150,40,20,10,100,80,20,400,100,450,50
D24,2020-04-01,1578,789,157,50,300,150,40,20,10,100,80,20,400,100,450,50
D24,2020-05-01,1578,789,157,50,300,150,40,20,10,100,80,20,400,100,450,50
D24,2020-06-01,1578,789,157,50,300,150,40,20,10,100,80,20,400,100,450,50
D24,2020-07-01,1578,789,157,50,300,150,40,20,10,100,80,20,400,100,450,50
D24,2020-08-01,1578,789,157,50,300,150,40,20,10,100,80,20,400,100,450,50
D24,2020-09-01,1578,789,157,50,300,150,40,20,10,100,80,20,400,100,450,50
D24,2020-10-01,1578,789,157,50,300,150,40,20,10,100,80,20,400,100,450,50
D24,2020-11-01,1578,789,157,50,300,150,40,20,10,100,80,20,400,100,450,50
D24,2020-12-01,1578,789,157,50,300,150,40,20,10,100,80,20,400,100,450,50
D24,2021-01-01,1578,789,157,50,300,150,40,20,10,100,80,20,400,100,450,50
D24,2021-02-01,1578,789,157,50,300,150,40,20,10,100,80,20,400,100,450,50
D24,2021-03-01,1578,789,157,50,300,150,40,20,10,100,80,20,400,100,450,50
D24,2021-04-01,1578,789,157,50,300,150,40,20,10,100,80,20,400,100,450,50
D24,2021-05-01,1578,789,157,50,300,150,40,20,10,100,80,20,400,100,450,50
D24,2021-06-01,1578,789,157,50,300,150,40,20,10,100,80,20,400,100,450,50
D24,2021-07-01,1578,789,157,50,300,150,40,20,10,100,80,20,400,100,450,50
D24,2021-08-01,1578,789,157,50,300,150,40,20,10,100,80,20,400,100,450,50
D24,2021-09-01,1578,789,157,50,300,150,40,20,10,100,80,20,400,100,450,50
D24,2021-10-01,1578,789,157,50,300,150,40,20,10,100,80,20,400,100,450,50
D24,2021-11-01,1578,789,157,50,300,150,40,20,10,100,80,20,400,100,450,50
D24,2021-12-01,1578,789,157,50,300,150,40,20,10,100,80,20,400,100,450,50
D24,2022-01-01,1578,789,157,50,300,150,40,20,10,100,80,20,400,100,450,50
D24,2022-02-01,1578,789,157,50,300,150,40,20,10,100,80,20,400,100,450,50
D24,2022-03-01,1578,789,157,50,300,150,40,20,10,100,80,20,400,100,450,50
D24,2022-04-01,1578,789,157,50,300,150,40,20,10,100,80,20,400,100,450,50
D24,2022-05-01,1578,789,157,50,300,150,40,20,10,100,80,20,400,100,450,50
D24,2022-06-01,1578,789,157,50,300,150,40,20,10,100,80,20,400,100,450,50
D24,2022-07-01,1578,789,157,50,300,150,40,20,10,100,80,20,400,100,450,50
D24,2022-08-01,1578,789,157,50,300,150,40,20,10,100,80,20,400,100,450,50
D24,2022-09-01,1578,789,157,50,300,150,40,20,10,100,80,20,400,100,450,50
D24,2022-10-01,1578,789,157,50,300,150,40,20,10,100,80,20,400,100,450,50
D24,2022-11-01,1578,789,157,50,300,150,40,20,10,100,80,20,400,100,450,50
D24,2022-12-01,1578,789,157,50,300,150,40,20,10,100,80,20,400,100,450,50
D24,2023-01-01,1578,789,157,50,300,150,40,20,10,100,80,20,400,100,450,50
D24,2023-02-01,1578,789,157,50,300,150,40,20,10,100,80,20,400,100,450,50
D24,2023-03-01,1578,789,157,50,300,150,40,20,10,100,80,20,400,100,450,50
D25,2019-04-01,1773,886,177,50,300,150,40,20,10,100,80,20,400,100,450,50
D25,2019-05-01,1773,886,177,50,300,150,40,20,10,100,80,20,400,100,450,50
D25,2019-06-01,1773,886,177,50,300,150,40,20,10,100,80,20,400,100,450,50
D25,2019-07-01,1773,886,177,50,300,150,40,20,10,100,80,20,400,100,450,50
D25,2019-08-01,1773,886,177,50,300,150,40,20,10,100,80,20,400,100,450,50
D25,2019-09-01,1773,886,177,50,300,150,40,20,10,100,80,20,400,100,450,50
D25,2019-10-01,1773,886,177,50,300,150,40,20,10,100,80,20,400,100,450,50
D25,2019-11-01,1773,886,177,50,300,150,40,20,10,100,80,20,400,100,450,50
D25,2019-12-01,1773,886,177,50,300,150,40,20,10,100,80,20,400,100,450,50
D25,2020-01-01,1773,886,177,50,300,150,40,20,10,100,80,20,400,100,450,50
D25,2020-02-01,1773,886,177,50,300,150,40,20,10,100,80,20,400,100,450,50
D25,2020-03-01,1773,886,177,50,300,150,40,20,10,100,80,20,400,100,450,50
D25,2020-04-01,1773,886,177,50,300,150,40,20,10,100,80,20,400,100,450,50
D25,2020-05-01,1773,886,177,50,300,150,40,20,10,100,80,20,400,100,450,50
D25,2020-06-01,1773,886,177,50,300,150,40,20,10,100,80,20,400,100,450,50
D25,2020-07-01,1773,886,177,50,300,150,40,20,10,100,80,20,400,100,450,50
D25,2020-08-01,1773,886,177,50,300,150,40,20,10,100,80,20,400,100,450,50
D25,2020-09-01,1773,886,177,50,300,150,40,20,10,100,80,20,400,100,450,50
D25,2020-10-01,1773,886,177,50,300,150,40,20,10,100,80,20,400,100,450,50
D25,2020-11-01,1773,886,177,50,300,150,40,20,10,100,80,20,400,100,450,50
D25,2020-12-01,1773,886,177,50,300,150,40,20,10,100,80,20,400,100,450,50
D25,2021-01-01,1773,886,177,50,300,150,40,20,10,100,80,20,400,100,450,50
D25,2021-02-01,1773,886,177,50,300,150,40,20,10,100,80,20,400,100,450,50
D25,2021-03-01,1773,886,177,50,300,150,40,20,10,100,80,20,400,100,450,50
D25,2021-04-01,1773,886,177,50,300,150,40,20,10,100,80,20,400,100,450,50
D25,2021-05-01,1773,886,177,50,300,150,40,20,10,100,80,20,400,100,450,50
D25,2021-06-01,1773,886,177,50,300,150,40,20,10,100,80,20,400,100,450,50
D25,2021-07-01,1773,886,177,50,300,150,40,20,10,100,80,20,400,100,450,50
D25,2021-08-01,1773,886,177,50,300,150,40,20,10,100,80,20,400,100,450,50
D25,2021-09-01,1773,886,177,50,300,150,40,20,10,100,80,20,400,100,450,50
D25,2021-10-01,1773,886,177,50,300,150,40,20,10,100,80,20,400,100,450,50
D25,2021-11-01,1773,886,177,50,300,150,40,20,10,100,80,20,400,100,450,50
D25,2021-12-01,1773,886,177,50,300,150,40,20,10,100,80,20,400,100,450,50
D25,2022-01-01,1773,886,177,50,300,150,40,20,10,100,80,20,400,100,450,50
D25,2022-02-01,1773,886,177,50,300,150,40,20,10,100,80,20,400,100,450,50
D25,2022-03-01,1773,886,177,50,300,150,40,20,10,100,80,20,400,100,450,50
D25,2022-04-01,1773,886,177,50,300,150,40,20,10,100,80,20,400,100,450,50
D25,2022-05-01,1773,886,177,50,300,150,40,20,10,100,80,20,400,100,450,50
D25,2022-06-01,1773,886,177,50,300,150,40,20,10,100,80,20,400,100,450,50
D25,2022-07-01,1773,886,177,50,300,150,40,20,10,100,80,20,400,100,450,50
D25,2022-08-01,1773,886,177,50,300,150,40,20,10,100,80,20,400,100,450,50
D25,2022-09-01,1773,886,177,50,300,150,40,20,10,100,80,20,400,100,450,50
D25,2022-10-01,1773,886,177,50,300,150,40,20,10,100,80,20,400,100,450,50
D25,2022-11-01,1773,886,177,50,300,150,40,20,10,100,80,20,400,100,450,50
D25,2022-12-01,1773,886,177,50,300,150,40,20,10,100,80,20,400,100,450,50
D25,2023-01-01,1773,886,177,50,300,150,40,20,10,100,80,20,400,100,450,50
D25,2023-02-01,1773,886,177,50,300,150,40,20,10,100,80,20,400,100,450,50
D25,2023-03-01,1773,886,177,50,300,150,40,20,10,100,80,20,400,100,450,50
D26,2019-04-01,1655,827,165,50,300,150,40,20,10,100,80,20,400,100,450,50
D26,2019-05-01,1655,827,165,50,300,150,40,20,10,100,80,20,400,100,450,50
D26,2019-06-01,1655,827,165,50,300,150,40,20,10,100,80,20,400,100,450,50
D26,2019-07-01,1655,827,165,50,300,150,40,20,10,100,80,20,400,100,450,50
D26,2019-08-01,1655,827,165,50,300,150,40,20,10,100,80,20,400,100,450,50
D26,2019-09-01,1655,827,165,50,300,150,40,20,10,100,80,20,400,100,450,50
D26,2019-10-01,1655,827,165,50,300,150,40,20,10,100,80,20,400,100,450,50
D26,2019-11-01,1655,827,165,50,300,150,40,20,10,100,80,20,400,100,450,50
D26,2019-12-01,1655,827,165,50,300,150,40,20,10,100,80,20,400,100,450,50
D26,2020-01-01,1655,827,165,50,300,150,40,20,10,100,80,20,400,100,450,50
D26,2020-02-01,1655,827,165,50,300,150,40,20,10,100,80,20,400,100,450,50
D26,2020-03-01,1655,827,165,50,300,150,40,20,10,100,80,20,400,100,450,50
D26,2020-04-01,1655,827,165,50,300,150,40,20,10,100,80,20,400,100,450,50
D26,2020-05-01,1655,827,165,50,300,150,40,20,10,100,80,20,400,100,450,50
D26,2020-06-01,1655,827,165,50,300,150,40,20,10,100,80,20,400,100,450,50
D26,2020-07-01,1655,827,165,50,300,150,40,20,10,100,80,20,400,100,450,50
D26,2020-08-01,1655,827,165,50,300,150,40,20,10,100,80,20,400,100,450,50
D26,2020-09-01,1655,827,165,50,300,150,40,20,10,100,80,20,400,100,450,50
D26,2020-10-01,1655,827,165,50,300,150,40,20,10,100,80,20,400,100,450,50
D26,2020-11-01,1655,827,165,50,300,150,40,20,10,100,80,20,400,100,450,50
D26,2020-12-01,1655,827,165,50,300,150,40,20,10,100,80,20,400,100,450,50
D26,2021-01-01,1655,827,165,50,300,150,40,20,10,100,80,20,400,100,450,50
D26,2021-02-01,1655,827,165,50,300,150,40,20,10,100,80,20,400,100,450,50
D26,2021-03-01,1655,827,165,50,300,150,40,20,10,100,80,20,400,100,450,50
D26,2021-04-01,1655,827,165,50,300,150,40,20,10,100,80,20,400,100,450,50
D26,2021-05-01,1655,827,165,50,300,150,40,20,10,100,80,20,400,100,450,50
D26,2021-06-01,1655,827,165,50,300,150,40,20,10,100,80,20,400,100,450,50
D26,2021-07-01,1655,827,165,50,300,150,40,20,10,100,80,20,400,100,450,50
D26,2021-08-01,1655,827,165,50,300,150,40,20,10,100,80,20,400,100,450,50
D26,2021-09-01,1655,827,165,50,300,150,40,20,10,100,80,20,400,100,450,50
D26,2021-10-01,1655,827,165,50,300,150,40,20,10,100,80,20,400,100,450,50
D26,2021-11-01,1655,827,165,50,300,150,40,20,10,100,80,20,400,100,450,50
D26,2021-12-01,1655,827,165,50,300,150,40,20,10,100,80,20,400,100,450,50
D26,2022-01-01,1655,827,165,50,300,150,40,20,10,100,80,20,400,100,450,50
D26,2022-02-01,1655,827,165,50,300,150,40,20,10,100,80,20,400,100,450,50
D26,2022-03-01,1655,827,165,50,300,150,40,20,10,100,80,20,400,100,450,50
D26,2022-04-01,1655,827,165,50,300,150,40,20,10,100,80,20,400,100,450,50
D26,2022-05-01,1655,827,165,50,300,150,40,20,10,100,80,20,400,100,450,50
D26,2022-06-01,1655,827,165,50,300,150,40,20,10,100,80,20,400,100,450,50
D26,2022-07-01,1655,827,165,50,300,150,40,20,10,100,80,20,400,100,450,50
D26,2022-08-01,1655,827,165,50,300,150,40,20,10,100,80,20,400,100,450,50
D26,2022-09-01,1655,827,165,50,300,150,40,20,10,100,80,20,400,100,450,50
D26,2022-10-01,1655,827,165,50,300,150,40,20,10,100,80,20,400,100,450,50
D26,2022-11-01,1655,827,165,50,300,150,40,20,10,100,80,20,400,100,450,50
D26,2022-12-01,1655,827,165,50,300,150,40,20,10,100,80,20,400,100,450,50
D26,2023-01-01,1655,827,165,50,300,150,40,20,10,100,80,20,400,100,450,50
D26,2023-02-01,1655,827,165,50,300,150,40,20,10,100,80,20,400,100,450,50
D26,2023-03-01,1655,827,165,50,300,150,40,20,10,100,80,20,400,100,450,50
D27,2019-04-01,965,482,96,50,300,150,40,20,10,100,80,20,400,100,450,50
D27,2019-05-01,965,482,96,50,300,150,40,20,10,100,80,20,400,100,450,50
D27,2019-06-01,965,482,96,50,300,150,40,20,10,100,80,20,400,100,450,50
D27,2019-07-01,965,482,96,50,300,150,40,20,10,100,80,20,400,100,450,50
D27,2019-08-01,965,482,96,50,300,150,40,20,10,100,80,20,400,100,450,50
D27,2019-09-01,965,482,96,50,300,150,40,20,10,100,80,20,400,100,450,50
D27,2019-10-01,965,482,96,50,300,150,40,20,10,100,80,20,400,100,450,50
D27,2019-11-01,965,482,96,50,300,150,40,20,10,100,80,20,400,100,450,50
D27,2019-12-01,965,482,96,50,300,150,40,20,10,100,80,20,400,100,450,50
D27,2020-01-01,965,482,96,50,300,150,40,20,10,100,80,20,400,100,450,50
D27,2020-02-01,965,482,96,50,300,150,40,20,10,100,80,20,400,100,450,50
D27,2020-03-01,965,482,96,50,300,150,40,20,10,100,80,20,400,100,450,50
D27,2020-04-01,965,482,96,50,300,150,40,20,10,100,80,20,400,100,450,50
D27,2020-05-01,965,482,96,50,300,150,40,20,10,100,80,20,400,100,450,50
D27,2020-06-01,965,482,96,50,300,150,40,20,10,100,80,20,400,100,450,50
D27,2020-07-01,965,482,96,50,300,150,40,20,10,100,80,20,400,100,450,50
D27,2020-08-01,965,482,96,50,300,150,40,20,10,100,80,20,400,100,450,50
D27,2020-09-01,965,482,96,50,300,150,40,20,10,100,80,20,400,100,450,50
D27,2020-10-01,965,482,96,50,300,150,40,20,10,100,80,20,400,100,450,50
D27,2020-11-01,965,482,96,50,300,150,40,20,10,100,80,20,400,100,450,50
D27,2020-12-01,965,482,96,50,300,150,40,20,10,100,80,20,400,100,450,50
D27,2021-01-01,965,482,96,50,300,150,40,20,10,100,80,20,400,100,450,50
D27,2021-02-01,965,482,96,50,300,150,40,20,10,100,80,20,400,100,450,50
D27,2021-03-01,965,482,96,50,300,150,40,20,10,100,80,20,400,100,450,50
D27,2021-04-01,965,482,96,50,300,150,40,20,10,100,80,20,400,100,450,50
D27,2021-05-01,965,482,96,50,300,150,40,20,10,100,80,20,400,100,450,50
D27,2021-06-01,965,482,96,50,300,150,40,20,10,100,80,20,400,100,450,50
D27,2021-07-01,965,482,96,50,300,150,40,20,10,100,80,20,400,100,450,50
D27,2021-08-01,965,482,96,50,300,150,40,20,10,100,80,20,400,100,450,50
D27,2021-09-01,965,482,96,50,300,150,40,20,10,100,80,20,400,100,450,50
D27,2021-10-01,965,482,96,50,300,150,40,20,10,100,80,20,400,100,450,50
D27,2021-11-01,965,482,96,50,300,150,40,20,10,100,80,20,400,100,450,50
D27,2021-12-01,965,482,96,50,300,150,40,20,10,100,80,20,400,100,450,50
D27,2022-01-01,965,482,96,50,300,150,40,20,10,100,80,20,400,100,450,50
D27,2022-02-01,965,482,96,50,300,150,40,20,10,100,80,20,400,100,450,50
D27,2022-03-01,965,482,96,50,300,150,40,20,10,100,80,20,400,100,450,50
D27,2022-04-01,965,482,96,50,300,150,40,20,10,100,80,20,400,100,450,50
D27,2022-05-01,965,482,96,50,300,150,40,20,10,100,80,20,400,100,450,50
D27,2022-06-01,965,482,96,50,300,150,40,20,10,100,80,20,400,100,450,50
D27,2022-07-01,965,482,96,50,300,150,40,20,10,100,80,20,400,100,450,50
D27,2022-08-01,965,482,96,50,300,150,40,20,10,100,80,20,400,100,450,50
D27,2022-09-01,965,482,96,50,300,150,40,20,10,100,80,20,400,100,450,50
D27,2022-10-01,965,482,96,50,300,150,40,20,10,100,80,20,400,100,450,50
D27,2022-11-01,965,482,96,50,300,150,40,20,10,100,80,20,400,100,450,50
D27,2022-12-01,965,482,96,50,300,150,40,20,10,100,80,20,400,100,450,50
D27,2023-01-01,965,482,96,50,300,150,40,20,10,100,80,20,400,100,450,50
D27,2023-02-01,965,482,96,50,300,150,40,20,10,100,80,20,400,100,450,50
D27,2023-03-01,965,482,96,50,300,150,40,20,10,100,80,20,400,100,450,50
D28,2019-04-01,1378,689,137,50,300,150,40,20,10,100,80,20,400,100,450,50
D28,2019-05-01,1378,689,137,50,300,150,40,20,10,100,80,20,400,100,450,50
D28,2019-06-01,1378,689,137,50,300,150,40,20,10,100,80,20,400,100,450,50
D28,2019-07-01,1378,689,137,50,300,150,40,20,10,100,80,20,400,100,450,50
D28,2019-08-01,1378,689,137,50,300,150,40,20,10,100,80,20,400,100,450,50
D28,2019-09-01,1378,689,137,50,300,150,40,20,10,100,80,20,400,100,450,50
D28,2019-10-01,1378,689,137,50,300,150,40,20,10,100,80,20,400,100,450,50
D28,2019-11-01,1378,689,137,50,300,150,40,20,10,100,80,20,400,100,450,50
D28,2019-12-01,1378,689,137,50,300,150,40,20,10,100,80,20,400,100,450,50
D28,2020-01-01,1378,689,137,50,300,150,40,20,10,100,80,20,400,100,450,50
D28,2020-02-01,1378,689,137,50,300,150,40,20,10,100,80,20,400,100,450,50
D28,2020-03-01,1378,689,137,50,300,150,40,20,10,100,80,20,400,100,450,50
D28,2020-04-01,1378,689,137,50,300,150,40,20,10,100,80,20,400,100,450,50
D28,2020-05-01,1378,689,137,50,300,150,40,20,10,100,80,20,400,100,450,50
D28,2020-06-01,1378,689,137,50,300,150,40,20,10,100,80,20,400,100,450,50
D28,2020-07-01,1378,689,137,50,300,150,40,20,10,100,80,20,400,100,450,50
D28,2020-08-01,1378,689,137,50,300,150,40,20,10,100,80,20,400,100,450,50
D28,2020-09-01,1378,689,137,50,300,150,40,20,10,100,80,20,400,100,450,50
D28,2020-10-01,1378,689,137,50,300,150,40,20,10,100,80,20,400,100,450,50
D28,2020-11-01,1378,689,137,50,300,150,40,20,10,100,80,20,400,100,450,50
D28,2020-12-01,1378,689,137,50,300,150,40,20,10,100,80,20,400,100,450,50
D28,2021-01-01,1378,689,137,50,300,150,40,20,10,100,80,20,400,100,450,50
D28,2021-02-01,1378,689,137,50,300,150,40,20,10,100,80,20,400,100,450,50
D28,2021-03-01,1378,689,137,50,300,150,40,20,10,100,80,20,400,100,450,50
D28,2021-04-01,1378,689,137,50,300,150,40,20,10,100,80,20,400,100,450,50
D28,2021-05-01,1378,689,137,50,300,150,40,20,10,100,80,20,400,100,450,50
D28,2021-06-01,1378,689,137,50,300,150,40,20,10,100,80,20,400,100,450,50
D28,2021-07-01,1378,689,137,50,300,150,40,20,10,100,80,20,400,100,450,50
D28,2021-08-01,1378,689,137,50,300,150,40,20,10,100,80,20,400,100,450,50
D28,2021-09-01,1378,689,137,50,300,150,40,20,10,100,80,20,400,100,450,50
D28,2021-10-01,1378,689,137,50,300,150,40,20,10,100,80,20,400,100,450,50
D28,2021-11-01,1378,689,137,50,300,150,40,20,10,100,80,20,400,100,450,50
D28,2021-12-01,1378,689,137,50,300,150,40,20,10,100,80,20,400,100,450,50
D28,2022-01-01,1378,689,137,50,300,150,40,20,10,100,80,20,400,100,450,50
D28,2022-02-01,1378,689,137,50,300,150,40,20,10,100,80,20,400,100,450,50
D28,2022-03-01,1378,689,137,50,300,150,40,20,10,100,80,20,400,100,450,50
D28,2022-04-01,1378,689,137,50,300,150,40,20,10,100,80,20,400,100,450,50
D28,2022-05-01,1378,689,137,50,300,150,40,20,10,100,80,20,400,100,450,50
D28,2022-06-01,1378,689,137,50,300,150,40,20,10,100,80,20,400,100,450,50
D28,2022-07-01,1378,689,137,50,300,150,40,20,10,100,80,20,400,100,450,50
D28,2022-08-01,1378,689,137,50,300,150,40,20,10,100,80,20,400,100,450,50
D28,2022-09-01,1378,689,137,50,300,150,40,20,10,100,80,20,400,100,450,50
D28,2022-10-01,1378,689,137,50,300,150,40,20,10,100,80,20,400,100,450,50
D28,2022-11-01,1378,689,137,50,300,150,40,20,10,100,80,20,400,100,450,50
D28,2022-12-01,1378,689,137,50,300,150,40,20,10,100,80,20,400,100,450,50
D28,2023-01-01,1378,689,137,50,300,150,40,20,10,100,80,20,400,100,450,50
D28,2023-02-01,1378,689,137,50,300,150,40,20,10,100,80,20,400,100,450,50
D28,2023-03-01,1378,689,137,50,300,150,40,20,10,100,80,20,400,100,450,50
D29,2019-04-01,959,479,95,50,300,150,40,20,10,100,80,20,400,100,450,50
D29,2019-05-01,959,479,95,50,300,150,40,20,10,100,80,20,400,100,450,50
D29,2019-06-01,959,479,95,50,300,150,40,20,10,100,80,20,400,100,450,50
D29,2019-07-01,959,479,95,50,300,150,40,20,10,100,80,20,400,100,450,50
D29,2019-08-01,959,479,95,50,300,150,40,20,10,100,80,20,400,100,450,50
D29,2019-09-01,959,479,95,50,300,150,40,20,10,100,80,20,400,100,450,50
D29,2019-10-01,959,479,95,50,300,150,40,20,10,100,80,20,400,100,450,50
D29,2019-11-01,959,479,95,50,300,150,40,20,10,100,80,20,400,100,450,50
D29,2019-12-01,959,479,95,50,300,150,40,20,10,100,80,20,400,100,450,50
D29,2020-01-01,959,479,95,50,300,150,40,20,10,100,80,20,400,100,450,50
D29,2020-02-01,959,479,95,50,300,150,40,20,10,100,80,20,400,100,450,50
D29,2020-03-01,959,479,95,50,300,150,40,20,10,100,80,20,400,100,450,50
D29,2020-04-01,959,479,95,50,300,150,40,20,10,100,80,20,400,100,450,50
D29,2020-05-01,959,479,95,50,300,150,40,20,10,100,80,20,400,100,450,50
D29,2020-06-01,959,479,95,50,300,150,40,20,10,100,80,20,400,100,450,50
D29,2020-07-01,959,479,95,50,300,150,40,20,10,100,80,20,400,100,450,50
D29,2020-08-01,959,479,95,50,300,150,40,20,10,100,80,20,400,100,450,50
D29,2020-09-01,959,479,95,50,300,150,40,20,10,100,80,20,400,100,450,50
D29,2020-10-01,959,479,95,50,300,150,40,20,10,100,80,20,400,100,450,50
D29,2020-11-01,959,479,95,50,300,150,40,20,10,100,80,20,400,100,450,50
D29,2020-12-01,959,479,95,50,300,150,40,20,10,100,80,20,400,100,450,50
D29,2021-01-01,959,479,95,50,300,150,40,20,10,100,80,20,400,100,450,50
D29,2021-02-01,959,479,95,50,300,150,40,20,10,100,80,20,400,100,450,50
D29,2021-03-01,959,479,95,50,300,150,40,20,10,100,80,20,400,100,450,50
D29,2021-04-01,959,479,95,50,300,150,40,20,10,100,80,20,400,100,450,50
D29,2021-05-01,959,479,95,50,300,150,40,20,10,100,80,20,400,100,450,50
D29,2021-06-01,959,479,95,50,300,150,40,20,10,100,80,20,400,100,450,50
D29,2021-07-01,959,479,95,50,300,150,40,20,10,100,80,20,400,100,450,50
D29,2021-08-01,959,479,95,50,300,150,40,20,10,100,80,20,400,100,450,50
D29,2021-09-01,959,479,95,50,300,150,40,20,10,100,80,20,400,100,450,50
D29,2021-10-01,959,479,95,50,300,150,40,20,10,100,80,20,400,100,450,50
D29,2021-11-01,959,479,95,50,300,150,40,20,10,100,80,20,400,100,450,50
D29,2021-12-01,959,479,95,50,300,150,40,20,10,100,80,20,400,100,450,50
D29,2022-01-01,959,479,95,50,300,150,40,20,10,100,80,20,400,100,450,50
D29,2022-02-01,959,479,95,50,300,150,40,20,10,100,80,20,400,100,450,50
D29,2022-03-01,959,479,95,50,300,150,40,20,10,100,80,20,400,100,450,50
D29,2022-04-01,959,479,95,50,300,150,40,20,10,100,80,20,400,100,450,50
D29,2022-05-01,959,479,95,50,300,150,40,20,10,100,80,20,400,100,450,50
D29,2022-06-01,959,479,95,50,300,150,40,20,10,100,80,20,400,100,450,50
D29,2022-07-01,959,479,95,50,300,150,40,20,10,100,80,20,400,100,450,50
D29,2022-08-01,959,479,95,50,300,150,40,20,10,100,80,20,400,100,450,50
D29,2022-09-01,959,479,95,50,300,150,40,20,10,100,80,20,400,100,450,50
D29,2022-10-01,959,479,95,50,300,150,40,20,10,100,80,20,400,100,450,50
D29,2022-11-01,959,479,95,50,300,150,40,20,10,100,80,20,400,100,450,50
D29,2022-12-01,959,479,95,50,300,150,40,20,10,100,80,20,400,100,450,50
D29,2023-01-01,959,479,95,50,300,150,40,20,10,100,80,20,400,100,450,50
D29,2023-02-01,959,479,95,50,300,150,40,20,10,100,80,20,400,100,450,50
D29,2023-03-01,959,479,95,50,300,150,40,20,10,100,80,20,400,100,450,50
D30,2019-04-01,1531,765,153,50,300,150,40,20,10,100,80,20,400,100,450,50
D30,2019-05-01,1531,765,153,50,300,150,40,20,10,100,80,20,400,100,450,50
D30,2019-06-01,1531,765,153,50,300,150,40,20,10,100,80,20,400,100,450,50
D30,2019-07-01,1531,765,153,50,300,150,40,20,10,100,80,20,400,100,450,50
D30,2019-08-01,1531,765,153,50,300,150,40,20,10,100,80,20,400,100,450,50
D30,2019-09-01,1531,765,153,50,300,150,40,20,10,100,80,20,400,100,450,50
D30,2019-10-01,1531,765,153,50,300,150,40,20,10,100,80,20,400,100,450,50
D30,2019-11-01,1531,765,153,50,300,150,40,20,10,100,80,20,400,100,450,50
D30,2019-12-01,1531,765,153,50,300,150,40,20,10,100,80,20,400,100,450,50
D30,2020-01-01,1531,765,153,50,300,150,40,20,10,100,80,20,400,100,450,50
D30,2020-02-01,1531,765,153,50,300,150,40,20,10,100,80,20,400,100,450,50
D30,2020-03-01,1531,765,153,50,300,150,40,20,10,100,80,20,400,100,450,50
D30,2020-04-01,1531,765,153,50,300,150,40,20,10,100,80,20,400,100,450,50
D30,2020-05-01,1531,765,153,50,300,150,40,20,10,100,80,20,400,100,450,50
D30,2020-06-01,1531,765,153,50,300,150,40,20,10,100,80,20,400,100,450,50
D30,2020-07-01,1531,765,153,50,300,150,40,20,10,100,80,20,400,100,450,50
D30,2020-08-01,1531,765,153,50,300,150,40,20,10,100,80,20,400,100,450,50
D30,2020-09-01,1531,765,153,50,300,150,40,20,10,100,80,20,400,100,450,50
D30,2020-10-01,1531,765,153,50,300,150,40,20,10,100,80,20,400,100,450,50
D30,2020-11-01,1531,765,153,50,300,150,40,20,10,100,80,20,400,100,450,50
D30,2020-12-01,1531,765,153,50,300,150,40,20,10,100,80,20,400,100,450,50
D30,2021-01-01,1531,765,153,50,300,150,40,20,10,100,80,20,400,100,450,50
D30,2021-02-01,1531,765,153,50,300,150,40,20,10,100,80,20,400,100,450,50
D30,2021-03-01,1531,765,153,50,300,150,40,20,10,100,80,20,400,100,450,50
D30,2021-04-01,1531,765,153,50,300,150,40,20,10,100,80,20,400,100,450,50
D30,2021-05-01,1531,765,153,50,300,150,40,20,10,100,80,20,400,100,450,50
D30,2021-06-01,1531,765,153,50,300,150,40,20,10,100,80,20,400,100,450,50
D30,2021-07-01,1531,765,153,50,300,150,40,20,10,100,80,20,400,100,450,50
D30,2021-08-01,1531,765,153,50,300,150,40,20,10,100,80,20,400,100,450,50
D30,2021-09-01,1531,765,153,50,300,150,40,20,10,100,80,20,400,100,450,50
D30,2021-10-01,1531,765,153,50,300,150,40,20,10,100,80,20,400,100,450,50
D30,2021-11-01,1531,765,153,50,300,150,40,20,10,100,80,20,400,100,450,50
D30,2021-12-01,1531,765,153,50,300,150,40,20,10,100,80,20,400,100,450,50
D30,2022-01-01,1531,765,153,50,300,150,40,20,10,100,80,20,400,100,450,50
D30,2022-02-01,1531,765,153,50,300,150,40,20,10,100,80,20,400,100,450,50
D30,2022-03-01,1531,765,153,50,300,150,40,20,10,100,80,20,400,100,450,50
D30,2022-04-01,1531,765,153,50,300,150,40,20,10,100,80,20,400,100,450,50
D30,2022-05-01,1531,765,153,50,300,150,40,20,10,100,80,20,400,100,450,50
D30,2022-06-01,1531,765,153,50,300,150,40,20,10,100,80,20,400,100,450,50
D30,2022-07-01,1531,765,153,50,300,150,40,20,10,100,80,20,400,100,450,50
D30,2022-08-01,1531,765,153,50,300,150,40,20,10,100,80,20,400,100,450,50
D30,2022-09-01,1531,765,153,50,300,150,40,20,10,100,80,20,400,100,450,50
D30,2022-10-01,1531,765,153,50,300,150,40,20,10,100,80,20,400,100,450,50
D30,2022-11-01,1531,765,153,50,300,150,40,20,10,100,80,20,400,100,450,50
D30,2022-12-01,1531,765,153,50,300,150,40,20,10,100,80,20,400,100,450,50
D30,2023-01-01,1531,765,153,50,300,150,40,20,10,100,80,20,400,100,450,50
D30,2023-02-01,1531,765,153,50,300,150,40,20,10,100,80,20,400,100,450,50
D30,2023-03-01,1531,765,153,50,300,150,40,20,10,100,80,20,400,100,450,50
D31,2019-04-01,1465,732,146,50,300,150,40,20,10,100,80,20,400,100,450,50
D31,2019-05-01,1465,732,146,50,300,150,40,20,10,100,80,20,400,100,450,50
D31,2019-06-01,1465,732,146,50,300,150,40,20,10,100,80,20,400,100,450,50
D31,2019-07-01,1465,732,146,50,300,150,40,20,10,100,80,20,400,100,450,50
D31,2019-08-01,1465,732,146,50,300,150,40,20,10,100,80,20,400,100,450,50
D31,2019-09-01,1465,732,146,50,300,150,40,20,10,100,80,20,400,100,450,50
D31,2019-10-01,1465,732,146,50,300,150,40,20,10,100,80,20,400,100,450,50
D31,2019-11-01,1465,732,146,50,300,150,40,20,10,100,80,20,400,100,450,50
D31,2019-12-01,1465,732,146,50,300,150,40,20,10,100,80,20,400,100,450,50
D31,2020-01-01,1465,732,146,50,300,150,40,20,10,100,80,20,400,100,450,50
D31,2020-02-01,1465,732,146,50,300,150,40,20,10,100,80,20,400,100,450,50
D31,2020-03-01,1465,732,146,50,300,150,40,20,10,100,80,20,400,100,450,50
D31,2020-04-01,1465,732,146,50,300,150,40,20,10,100,80,20,400,100,450,50
D31,2020-05-01,1465,732,146,50,300,150,40,20,10,100,80,20,400,100,450,50
D31,2020-06-01,1465,732,146,50,300,150,40,20,10,100,80,20,400,100,450,50
D31,2020-07-01,1465,732,146,50,300,150,40,20,10,100,80,20,400,100,450,50
D31,2020-08-01,1465,732,146,50,300,150,40,20,10,100,80,20,400,100,450,50
D31,2020-09-01,1465,732,146,50,300,150,40,20,10,100,80,20,400,100,450,50
D31,2020-10-01,1465,732,146,50,300,150,40,20,10,100,80,20,400,100,450,50
D31,2020-11-01,1465,732,146,50,300,150,40,20,10,100,80,20,400,100,450,50
D31,2020-12-01,1465,732,146,50,300,150,40,20,10,100,80,20,400,100,450,50
D31,2021-01-01,1465,732,146,50,300,150,40,20,10,100,80,20,400,100,450,50
D31,2021-02-01,1465,732,146,50,300,150,40,20,10,100,80,20,400,100,450,50
D31,2021-03-01,1465,732,146,50,300,150,40,20,10,100,80,20,400,100,450,50
D31,2021-04-01,1465,732,146,50,300,150,40,20,10,100,80,20,400,100,450,50
D31,2021-05-01,1465,732,146,50,300,150,40,20,10,100,80,20,400,100,450,50
D31,2021-06-01,1465,732,146,50,300,150,40,20,10,100,80,20,400,100,450,50
D31,2021-07-01,1465,732,146,50,300,150,40,20,10,100,80,20,400,100,450,50
D31,2021-08-01,1465,732,146,50,300,150,40,20,10,100,80,20,400,100,450,50
D31,2021-09-01,1465,732,146,50,300,150,40,20,10,100,80,20,400,100,450,50
D31,2021-10-01,1465,732,146,50,300,150,40,20,10,100,80,20,400,100,450,50
D31,2021-11-01,1465,732,146,50,300,150,40,20,10,100,80,20,400,100,450,50
D31,2021-12-01,1465,732,146,50,300,150,40,20,10,100,80,20,400,100,450,50
D31,2022-01-01,1465,732,146,50,300,150,40,20,10,100,80,20,400,100,450,50
D31,2022-02-01,1465,732,146,50,300,150,40,20,10,100,80,20,400,100,450,50
D31,2022-03-01,1465,732,146,50,300,150,40,20,10,100,80,20,400,100,450,50
D31,2022-04-01,1465,732,146,50,300,150,40,20,10,100,80,20,400,100,450,50
D31,2022-05-01,1465,732,146,50,300,150,40,20,10,100,80,20,400,100,450,50
D31,2022-06-01,1465,732,146,50,300,150,40,20,10,100,80,20,400,100,450,50
D31,2022-07-01,1465,732,146,50,300,150,40,20,10,100,80,20,400,100,450,50
D31,2022-08-01,1465,732,146,50,300,150,40,20,10,100,80,20,400,100,450,50
D31,2022-09-01,1465,732,146,50,300,150,40,20,10,100,80,20,400,100,450,50
D31,2022-10-01,1465,732,146,50,300,150,40,20,10,100,80,20,400,100,450,50
D31,2022-11-01,1465,732,146,50,300,150,40,20,10,100,80,20,400,100,450,50
D31,2022-12-01,1465,732,146,50,300,150,40,20,10,100,80,20,400,100,450,50
D31,2023-01-01,1465,732,146,50,300,150,40,20,10,100,80,20,400,100,450,50
D31,2023-02-01,1465,732,146,50,300,150,40,20,10,100,80,20,400,100,450,50
D31,2023-03-01,1465,732,146,50,300,150,40,20,10,100,80,20,400,100,450,50
D32,2019-04-01,889,444,88,50,300,150,40,20,10,100,80,20,400,100,450,50
D32,2019-05-01,889,444,88,50,300,150,40,20,10,100,80,20,400,100,450,50
D32,2019-06-01,889,444,88,50,300,150,40,20,10,100,80,20,400,100,450,50
D32,2019-07-01,889,444,88,50,300,150,40,20,10,100,80,20,400,100,450,50
D32,2019-08-01,889,444,88,50,300,150,40,20,10,100,80,20,400,100,450,50
D32,2019-09-01,889,444,88,50,300,150,40,20,10,100,80,20,400,100,450,50
D32,2019-10-01,889,444,88,50,300,150,40,20,10,100,80,20,400,100,450,50
D32,2019-11-01,889,444,88,50,300,150,40,20,10,100,80,20,400,100,450,50
D32,2019-12-01,889,444,88,50,300,150,40,20,10,100,80,20,400,100,450,50
D32,2020-01-01,889,444,88,50,300,150,40,20,10,100,80,20,400,100,450,50
D32,2020-02-01,889,444,88,50,300,150,40,20,10,100,80,20,400,100,450,50
D32,2020-03-01,889,444,88,50,300,150,40,20,10,100,80,20,400,100,450,50
D32,2020-04-01,889,444,88,50,300,150,40,20,10,100,80,20,400,100,450,50
D32,2020-05-01,889,444,88,50,300,150,40,20,10,100,80,20,400,100,450,50
D32,2020-06-01,889,444,88,50,300,150,40,20,10,100,80,20,400,100,450,50
D32,2020-07-01,889,444,88,50,300,150,40,20,10,100,80,20,400,100,450,50
D32,2020-08-01,889,444,88,50,300,150,40,20,10,100,80,20,400,100,450,50
D32,2020-09-01,889,444,88,50,300,150,40,20,10,100,80,20,400,100,450,50
D32,2020-10-01,889,444,88,50,300,150,40,20,10,100,80,20,400,100,450,50
D32,2020-11-01,889,444,88,50,300,150,40,20,10,100,80,20,400,100,450,50
D32,2020-12-01,889,444,88,50,300,150,40,20,10,100,80,20,400,100,450,50
D32,2021-01-01,889,444,88,50,300,150,40,20,10,100,80,20,400,100,450,50
D32,2021-02-01,889,444,88,50,300,150,40,20,10,100,80,20,400,100,450,50
D32,2021-03-01,889,444,88,50,300,150,40,20,10,100,80,20,400,100,450,50
D32,2021-04-01,889,444,88,50,300,150,40,20,10,100,80,20,400,100,450,50
D32,2021-05-01,889,444,88,50,300,150,40,20,10,100,80,20,400,100,450,50
D32,2021-06-01,889,444,88,50,300,150,40,20,10,100,80,20,400,100,450,50
D32,2021-07-01,889,444,88,50,300,150,40,20,10,100,80,20,400,100,450,50
D32,2021-08-01,889,444,88,50,300,150,40,20,10,100,80,20,400,100,450,50
D32,2021-09-01,889,444,88,50,300,150,40,20,10,100,80,20,400,100,450,50
D32,2021-10-01,889,444,88,50,300,150,40,20,10,100,80,20,400,100,450,50
D32,2021-11-01,889,444,88,50,300,150,40,20,10,100,80,20,400,100,450,50
D32,2021-12-01,889,444,88,50,300,150,40,20,10,100,80,20,400,100,450,50
D32,2022-01-01,889,444,88,50,300,150,40,20,10,100,80,20,400,100,450,50
D32,2022-02-01,889,444,88,50,300,150,40,20,10,100,80,20,400,100,450,50
D32,2022-03-01,889,444,88,50,300,150,40,20,10,100,80,20,400,100,450,50
D32,2022-04-01,889,444,88,50,300,150,40,20,10,100,80,20,400,100,450,50
D32,2022-05-01,889,444,88,50,300,150,40,20,10,100,80,20,400,100,450,50
D32,2022-06-01,889,444,88,50,300,150,40,20,10,100,80,20,400,100,450,50
D32,2022-07-01,889,444,88,50,300,150,40,20,10,100,80,20,400,100,450,50
D32,2022-08-01,889,444,88,50,300,150,40,20,10,100,80,20,400,100,450,50
D32,2022-09-01,889,444,88,50,300,150,40,20,10,100,80,20,400,100,450,50
D32,2022-10-01,889,444,88,50,300,150,40,20,10,100,80,20,400,100,450,50
D32,2022-11-01,889,444,88,50,300,150,40,20,10,100,80,20,400,100,450,50
D32,2022-12-01,889,444,88,50,300,150,40,20,10,100,80,20,400,100,450,50
D32,2023-01-01,889,444,88,50,300,150,40,20,10,100,80,20,400,100,450,50
D32,2023-02-01,889,444,88,50,300,150,40,20,10,100,80,20,400,100,450,50
D32,2023-03-01,889,444,88,50,300,150,40,20,10,100,80,20,400,100,450,50
D33,2019-04-01,1773,886,177,50,300,150,40,20,10,100,80,20,400,100,450,50
D33,2019-05-01,1773,886,177,50,300,150,40,20,10,100,80,20,400,100,450,50
D33,2019-06-01,1773,886,177,50,300,150,40,20,10,100,80,20,400,100,450,50
D33,2019-07-01,1773,886,177,50,300,150,40,20,10,100,80,20,400,100,450,50
D33,2019-08-01,1773,886,177,50,300,150,40,20,10,100,80,20,400,100,450,50
D33,2019-09-01,1773,886,177,50,300,150,40,20,10,100,80,20,400,100,450,50
D33,2019-10-01,1773,886,177,50,300,150,40,20,10,100,80,20,400,100,450,50
D33,2019-11-01,1773,886,177,50,300,150,40,20,10,100,80,20,400,100,450,50
D33,2019-12-01,1773,886,177,50,300,150,40,20,10,100,80,20,400,100,450,50
D33,2020-01-01,1773,886,177,50,300,150,40,20,10,100,80,20,400,100,450,50
D33,2020-02-01,1773,886,177,50,300,150,40,20,10,100,80,20,400,100,450,50
D33,2020-03-01,1773,886,177,50,300,150,40,20,10,100,80,20,400,100,450,50
D33,2020-04-01,1773,886,177,50,300,150,40,20,10,100,80,20,400,100,450,50
D33,2020-05-01,1773,886,177,50,300,150,40,20,10,100,80,20,400,100,450,50
D33,2020-06-01,1773,886,177,50,300,150,40,20,10,100,80,20,400,100,450,50
D33,2020-07-01,1773,886,177,50,300,150,40,20,10,100,80,20,400,100,450,50
D33,2020-08-01,1773,886,177,50,300,150,40,20,10,100,80,20,400,100,450,50
D33,2020-09-01,1773,886,177,50,300,150,40,20,10,100,80,20,400,100,450,50
D33,2020-10-01,1773,886,177,50,300,150,40,20,10,100,80,20,400,100,450,50
D33,2020-11-01,1773,886,177,50,300,150,40,20,10,100,80,20,400,100,450,50
D33,2020-12-01,1773,886,177,50,300,150,40,20,10,100,80,20,400,100,450,50
D33,2021-01-01,1773,886,177,50,300,150,40,20,10,100,80,20,400,100,450,50
D33,2021-02-01,1773,886,177,50,300,150,40,20,10,100,80,20,400,100,450,50
D33,2021-03-01,1773,886,177,50,300,150,40,20,10,100,80,20,400,100,450,50
D33,2021-04-01,1773,886,177,50,300,150,40,20,10,100,80,20,400,100,450,50
D33,2021-05-01,1773,886,177,50,300,150,40,20,10,100,80,20,400,100,450,50
D33,2021-06-01,1773,886,177,50,300,150,40,20,10,100,80,20,400,100,450,50
D33,2021-07-01,1773,886,177,50,300,150,40,20,10,100,80,20,400,100,450,50
D33,2021-08-01,1773,886,177,50,300,150,40,20,10,100,80,20,400,100,450,50
D33,2021-09-01,1773,886,177,50,300,150,40,20,10,100,80,20,400,100,450,50
D33,2021-10-01,1773,886,177,50,300,150,40,20,10,100,80,20,400,100,450,50
D33,2021-11-01,1773,886,177,50,300,150,40,20,10,100,80,20,400,100,450,50
D33,2021-12-01,1773,886,177,50,300,150,40,20,10,100,80,20,400,100,450,50
D33,2022-01-01,1773,886,177,50,300,150,40,20,10,100,80,20,400,100,450,50
D33,2022-02-01,1773,886,177,50,300,150,40,20,10,100,80,20,400,100,450,50
D33,2022-03-01,1773,886,177,50,300,150,40,20,10,100,80,20,400,100,450,50
D33,2022-04-01,1773,886,177,50,300,150,40,20,10,100,80,20,400,100,450,50
D33,2022-05-01,1773,886,177,50,300,150,40,20,10,100,80,20,400,100,450,50
D33,2022-06-01,1773,886,177,50,300,150,40,20,10,100,80,20,400,100,450,50
D33,2022-07-01,1773,886,177,50,300,150,40,20,10,100,80,20,400,100,450,50
D33,2022-08-01,1773,886,177,50,300,150,40,20,10,100,80,20,400,100,450,50
D33,2022-09-01,1773,886,177,50,300,150,40,20,10,100,80,20,400,100,450,50
D33,2022-10-01,1773,886,177,50,300,150,40,20,10,100,80,20,400,100,450,50
D33,2022-11-01,1773,886,177,50,300,150,40,20,10,100,80,20,400,100,450,50
D33,2022-12-01,1773,886,177,50,300,150,40,20,10,100,80,20,400,100,450,50
D33,2023-01-01,1773,886,177,50,300,150,40,20,10,100,80,20,400,100,450,50
D33,2023-02-01,1773,886,177,50,300,150,40,20,10,100,80,20,400,100,450,50
D33,2023-03-01,1773,886,177,50,300,150,40,20,10,100,80,20,400,100,450,50
